# Blender 5.1.1
# www.blender.org
mtllib krakenbottom+octo6.mtl
o 83872878080802
v 1.638263 -0.148553 -0.093500
v 1.847008 0.583609 -0.000000
v 1.662380 -0.201227 -0.000000
v 1.843943 0.569735 -0.093500
v 1.638263 -0.148553 0.093500
v 1.843943 0.569735 0.093500
v 1.437603 -0.129531 -0.000000
v 1.449826 -0.072903 -0.093500
v 1.449826 -0.072903 0.093500
v 1.219826 -0.062903 -0.093500
v 1.219826 -0.062903 0.093500
v 1.224762 -0.120625 -0.000000
v 0.989827 -0.112903 -0.093500
v 0.989827 -0.112903 0.093500
v 0.938980 -0.140663 -0.000000
v 1.066767 0.033414 -0.000000
v 1.123245 0.020514 -0.093500
v 1.123245 0.020514 0.093500
v 0.383951 0.358427 -0.093500
v 0.412718 0.408711 -0.000000
v 0.462057 0.328924 -0.000000
v 0.433950 0.278268 -0.093500
v 1.063950 0.278268 -0.093500
v 1.042978 0.332271 -0.000000
v 1.063950 0.278268 0.093500
v 0.433950 0.278268 0.093500
v 0.383951 0.358427 0.093500
v -1.329483 0.402312 0.000000
v -1.338549 0.357300 -0.093500
v -1.338549 0.357300 0.093500
v -1.500584 0.409498 0.000000
v -1.499799 0.367120 -0.093500
v -1.499799 0.367120 0.093500
v -1.594718 0.375617 -0.093500
v -1.594718 0.375617 0.093500
v -1.605350 0.415359 0.000000
v -1.843549 0.400727 -0.093500
v -1.843549 0.400727 0.093500
v -1.873883 0.435198 0.000000
v -1.906049 0.413423 -0.093500
v -1.906049 0.413423 0.093500
v -1.956084 0.442624 0.000000
v -1.756050 0.168426 -0.093500
v -1.756050 0.168426 0.093500
v -1.795116 0.125648 0.000000
v -1.485954 -0.025979 0.000000
v -1.466050 0.028427 -0.093500
v -1.466050 0.028427 0.093500
v -1.124097 -0.118943 0.000000
v -1.116050 -0.061574 -0.093500
v -1.116050 -0.061574 0.093500
v -0.376050 -0.081574 -0.093500
v -0.376050 -0.081574 0.093500
v -0.349406 -0.133014 -0.000000
v -0.281586 -0.038140 -0.000000
v -0.316050 0.008426 -0.093500
v -0.316050 0.008426 0.093500
v -0.216050 0.038427 -0.093500
v -0.216049 0.038427 0.093500
v -0.207637 -0.018890 -0.000000
v 0.183950 0.038427 -0.093500
v 0.183951 0.038427 0.093500
v 0.183064 -0.019498 -0.000000
v 0.313951 0.034446 -0.093500
v 0.313951 0.034446 0.093500
v 0.318366 -0.023316 -0.000000
v 0.449714 0.059600 -0.093500
v 0.449714 0.059600 0.093500
v 0.478317 0.009221 -0.000000
v -1.499799 0.367120 0.093500
v -1.466050 0.028427 0.093500
v -1.338549 0.357300 0.093500
v -1.594718 0.375617 0.093500
v -1.756050 0.168426 0.093500
v -1.843549 0.400727 0.093500
v -1.906049 0.413423 0.093500
v -1.116050 -0.061574 0.093500
v -0.316050 0.008426 0.093500
v -0.376050 -0.081574 0.093500
v -0.216049 0.038427 0.093500
v 0.383951 0.358427 0.093500
v 0.183951 0.038427 0.093500
v 0.433950 0.278268 0.093500
v 0.313951 0.034446 0.093500
v 0.449714 0.059600 0.093500
v 0.564101 0.189695 0.093500
v 1.063950 0.278268 0.093500
v 1.064101 0.189695 0.093500
v 1.152781 0.359517 0.093500
v 1.406408 0.380471 0.093500
v 1.123245 0.020514 0.093500
v 0.989827 -0.112903 0.093500
v 1.219826 -0.062903 0.093500
v 1.449826 -0.072903 0.093500
v 1.638263 -0.148553 0.093500
v 1.843943 0.569735 0.093500
v 1.449059 0.497002 0.093500
v -1.594718 0.375617 -0.093500
v -1.756050 0.168426 -0.093500
v -1.843549 0.400727 -0.093500
v -1.906049 0.413423 -0.093500
v -1.466050 0.028427 -0.093500
v -1.499799 0.367120 -0.093500
v -1.338549 0.357300 -0.093500
v -1.116050 -0.061574 -0.093500
v -0.316050 0.008426 -0.093500
v -0.376050 -0.081574 -0.093500
v -0.216050 0.038427 -0.093500
v 0.383951 0.358427 -0.093500
v 0.183950 0.038427 -0.093500
v 0.433950 0.278268 -0.093500
v 0.313951 0.034446 -0.093500
v 0.449714 0.059600 -0.093500
v 0.564101 0.189695 -0.093500
v 1.063950 0.278268 -0.093500
v 1.064101 0.189695 -0.093500
v 1.152781 0.359517 -0.093500
v 1.406408 0.380471 -0.093500
v 1.123245 0.020514 -0.093500
v 1.219826 -0.062903 -0.093500
v 0.989827 -0.112903 -0.093500
v 1.449826 -0.072903 -0.093500
v 1.638263 -0.148553 -0.093500
v 1.843943 0.569735 -0.093500
v 1.449059 0.497002 -0.093500
v 1.843943 0.569735 -0.093500
v 1.449059 0.497002 -0.093500
v 1.847008 0.583609 -0.000000
v 1.430452 0.523874 -0.000000
v 1.449059 0.497002 0.093500
v 1.843943 0.569735 0.093500
v 1.406408 0.380471 -0.093500
v 1.152781 0.359517 -0.093500
v 1.371294 0.431191 -0.000000
v 1.129602 0.412609 -0.000000
v 1.152781 0.359517 0.093500
v 1.406408 0.380471 0.093500
v 1.124311 0.562621 -0.021840
v 1.142659 0.706459 -0.015443
v 1.157683 0.702884 -0.021840
v 1.109288 0.566194 -0.015443
v 1.103064 0.567676 -0.000000
v 1.136436 0.707941 -0.000000
v 1.142659 0.706459 0.015443
v 1.109288 0.566194 0.015443
v 1.124311 0.562621 0.021840
v 1.157683 0.702884 0.021840
v 1.172707 0.699311 0.015443
v 1.139334 0.559046 0.015443
v 1.178931 0.697829 -0.000000
v 1.145558 0.557564 -0.000000
v 1.139334 0.559046 -0.015443
v 1.172707 0.699311 -0.015443
v 1.124311 0.562621 -0.021840
v 1.157683 0.702884 -0.021840
v 1.042978 0.332271 -0.000000
v 1.129602 0.412609 -0.000000
v 1.063950 0.278268 -0.093500
v 1.152781 0.359517 -0.093500
v 1.063950 0.278268 0.093500
v 1.152781 0.359517 0.093500
v 1.129488 0.517656 -0.015443
v 1.080249 0.310708 -0.015443
v 1.065225 0.314282 -0.021840
v 1.114463 0.521230 -0.021840
v 1.135710 0.516175 -0.000000
v 1.086473 0.309226 -0.000000
v 1.080249 0.310708 0.015443
v 1.129488 0.517656 0.015443
v 1.065225 0.314282 0.021840
v 1.114463 0.521230 0.021840
v 1.099440 0.524806 0.015443
v 1.050201 0.317857 0.015443
v 1.043978 0.319338 -0.000000
v 1.093216 0.526286 -0.000000
v 1.099440 0.524806 -0.015443
v 1.050201 0.317857 -0.015443
v 1.065225 0.314282 -0.021840
v 1.114463 0.521230 -0.021840
v 1.449059 0.497002 -0.093500
v 1.371294 0.431191 -0.000000
v 1.430452 0.523874 -0.000000
v 1.406408 0.380471 -0.093500
v 1.449059 0.497002 0.093500
v 1.406408 0.380471 0.093500
v 1.149844 0.764292 -0.000000
v 1.213238 1.003104 -0.015443
v 1.156067 0.762811 -0.015443
v 1.228262 0.999530 -0.021840
v 1.207016 1.004585 -0.000000
v 1.171090 0.759237 -0.021840
v 1.213238 1.003104 0.015443
v 1.243285 0.995954 -0.015443
v 1.156067 0.762811 0.015443
v 1.186114 0.755662 -0.015443
v 1.228262 0.999530 0.021840
v 1.249509 0.994475 -0.000000
v 1.171090 0.759237 0.021840
v 1.192338 0.754183 -0.000000
v 1.243285 0.995954 0.015443
v 1.186114 0.755662 0.015443
vn 0.4638 -0.7567 -0.4607
vn 0.9679 -0.2514 -0.0005
vn 0.4912 -0.8710 -0.0005
vn 0.9505 -0.2466 -0.1890
vn 0.4638 -0.7567 0.4607
vn 0.9505 -0.2466 0.1890
vn -0.1928 -0.9812 -0.0005
vn -0.1684 -0.8496 -0.4999
vn -0.1684 -0.8496 0.4999
vn 0.0436 -0.8881 -0.4576
vn 0.0436 -0.8881 0.4575
vn 0.0476 -0.9989 -0.0005
vn -0.5873 -0.3100 -0.7476
vn -0.5873 -0.3100 0.7476
vn -0.8856 -0.4645 -0.0005
vn -0.7622 0.6473 -0.0005
vn -0.7106 0.6044 -0.3601
vn -0.7106 0.6045 0.3601
vn 0.4108 0.7516 -0.5161
vn 0.4842 0.8750 -0.0005
vn 0.4862 0.8738 -0.0006
vn 0.4109 0.7390 -0.5338
vn -0.0023 0.8729 -0.4879
vn -0.0032 1.0000 -0.0005
vn -0.0023 0.8729 0.4879
vn 0.4109 0.7390 0.5338
vn 0.4108 0.7516 0.5161
vn 0.0231 0.9997 -0.0005
vn 0.0231 0.8982 -0.4390
vn 0.0231 0.8982 0.4390
vn 0.0613 0.9981 -0.0005
vn 0.0554 0.9095 -0.4119
vn 0.0554 0.9095 0.4119
vn 0.0730 0.9230 -0.3777
vn 0.0730 0.9230 0.3777
vn 0.0798 0.9968 -0.0005
vn 0.1013 0.9420 -0.3198
vn 0.1013 0.9420 0.3198
vn 0.1179 0.9930 -0.0005
vn -0.6071 0.4872 -0.6278
vn -0.6071 0.4872 0.6278
vn -0.8124 0.5831 -0.0000
vn -0.6088 -0.6294 -0.4830
vn -0.6088 -0.6294 0.4830
vn -0.6923 -0.7216 -0.0005
vn -0.3452 -0.9385 -0.0005
vn -0.2944 -0.7997 -0.5233
vn -0.2944 -0.7997 0.5233
vn -0.1360 -0.9907 -0.0005
vn -0.1165 -0.8491 -0.5152
vn -0.1165 -0.8491 0.5152
vn 0.3818 -0.7459 -0.5457
vn 0.3818 -0.7459 0.5457
vn 0.4577 -0.8891 -0.0005
vn 0.5809 -0.8140 -0.0005
vn 0.4963 -0.6904 -0.5263
vn 0.4963 -0.6904 0.5263
vn 0.1170 -0.8447 -0.5223
vn 0.1170 -0.8447 0.5223
vn 0.1366 -0.9906 -0.0005
vn -0.0130 -0.8507 -0.5254
vn -0.0130 -0.8507 0.5254
vn -0.0149 -0.9999 -0.0005
vn 0.0700 -0.8494 -0.5232
vn 0.0700 -0.8494 0.5232
vn 0.0816 -0.9967 -0.0004
vn 0.1639 -0.8410 -0.5156
vn 0.1639 -0.8410 0.5156
vn 0.1912 -0.9815 -0.0005
vn -0.0003 -0.0004 1.0000
vn -0.0002 -0.0003 1.0000
vn -0.0000 -0.0000 1.0000
vn -0.0003 -0.0004 -1.0000
vn -0.0002 -0.0003 -1.0000
vn -0.0000 -0.0000 -1.0000
vn -0.1567 0.9623 -0.2223
vn -0.1567 0.9623 -0.2224
vn -0.1614 0.9869 -0.0005
vn -0.1567 0.9623 0.2224
vn -0.1567 0.9623 0.2223
vn -0.0687 0.8630 -0.5006
vn -0.0687 0.8630 -0.5005
vn -0.0795 0.9968 -0.0005
vn -0.0794 0.9968 -0.0005
vn -0.0687 0.8630 0.5005
vn -0.0687 0.8630 0.5006
vn -0.0003 -0.0003 -1.0000
vn -0.6879 0.1637 -0.7071
vn -0.9729 0.2313 -0.0005
vn -0.6879 0.1637 0.7071
vn 0.6879 -0.1637 0.7071
vn 0.9727 -0.2320 -0.0005
vn 0.9727 -0.2319 -0.0005
vn 0.6879 -0.1637 -0.7071
vn -0.6775 0.7355 -0.0005
vn -0.6775 0.7355 -0.0004
vn -0.5857 0.6358 -0.5027
vn -0.5856 0.6358 -0.5028
vn -0.5857 0.6358 0.5027
vn -0.5856 0.6358 0.5028
vn 0.9728 -0.2319 -0.0004
vn 0.9727 -0.2320 -0.0006
vn -0.6882 0.1638 0.7068
vn -0.9729 0.2313 -0.0004
vn -0.8230 0.4002 -0.4031
vn -0.8993 0.4374 -0.0005
vn -0.8230 0.4002 0.4031
vn 0.9727 -0.2319 -0.0004
vt 0.000000 0.000000
vt 0.000000 0.667717
vt 0.125000 0.779528
vt 0.000000 0.779528
vt 0.125000 0.667717
vt 0.250000 0.667717
vt 0.250000 0.779528
vt 0.375000 0.779528
vt 0.375000 0.667717
vt 0.500000 0.667717
vt 0.500000 0.779528
vt 0.625000 0.779528
vt 0.625000 0.667717
vt 0.750000 0.779528
vt 0.750000 0.667717
vt 0.875000 0.667717
vt 0.875000 0.779528
vt 1.000000 0.667717
vt 1.000000 0.779528
vt 0.875000 0.639764
vt 0.875000 0.500000
vt 1.000000 0.500000
vt 1.000000 0.639764
vt 0.750000 0.639764
vt 0.750000 0.500000
vt 0.625000 0.500000
vt 0.625000 0.639764
vt 0.500000 0.500000
vt 0.500000 0.639764
vt 0.375000 0.639764
vt 0.375000 0.500000
vt 0.250000 0.500000
vt 0.250000 0.639764
vt 0.125000 0.639764
vt 0.125000 0.500000
vt 0.000000 0.500000
vt 0.000000 0.639764
s 1
f 1/1/1 2/1/2 3/1/3
f 2/1/2 1/1/1 4/1/4
f 3/1/3 2/1/2 5/1/5
f 6/1/6 5/1/5 2/1/2
f 3/1/3 7/1/7 1/1/1
f 5/1/5 7/1/7 3/1/3
f 8/1/8 1/1/1 7/1/7
f 7/1/7 5/1/5 9/1/9
f 7/1/7 10/1/10 8/1/8
f 9/1/9 11/1/11 7/1/7
f 10/1/10 7/1/7 12/1/12
f 12/1/12 7/1/7 11/1/11
f 12/1/12 13/1/13 10/1/10
f 11/1/11 14/1/14 12/1/12
f 13/1/13 12/1/12 15/1/15
f 15/1/15 12/1/12 14/1/14
f 15/1/15 16/1/16 13/1/13
f 14/1/14 16/1/16 15/1/15
f 16/1/16 17/1/17 13/1/13
f 16/1/16 14/1/14 18/1/18
f 19/1/19 20/1/20 21/1/21
f 21/1/21 22/1/22 19/1/19
f 21/1/21 23/1/23 22/1/22
f 23/1/23 21/1/21 24/1/24
f 24/1/24 21/1/21 25/1/25
f 26/1/26 25/1/25 21/1/21
f 21/1/21 27/1/27 26/1/26
f 27/1/27 21/1/21 20/1/20
f 28/1/28 20/1/20 19/1/19
f 28/1/28 27/1/27 20/1/20
f 28/1/28 19/1/19 29/1/29
f 27/1/27 28/1/28 30/1/30
f 31/1/31 28/1/28 29/1/29
f 31/1/31 30/1/30 28/1/28
f 31/1/31 29/1/29 32/1/32
f 30/1/30 31/1/31 33/1/33
f 34/1/34 31/1/31 32/1/32
f 35/1/35 33/1/33 31/1/31
f 31/1/31 34/1/34 36/1/36
f 35/1/35 31/1/31 36/1/36
f 37/1/37 36/1/36 34/1/34
f 38/1/38 35/1/35 36/1/36
f 36/1/36 37/1/37 39/1/39
f 36/1/36 39/1/39 38/1/38
f 40/1/40 39/1/39 37/1/37
f 38/1/38 39/1/39 41/1/41
f 39/1/39 40/1/40 42/1/42
f 39/1/39 42/1/42 41/1/41
f 40/1/40 43/1/43 42/1/42
f 42/1/42 44/1/44 41/1/41
f 45/1/45 42/1/42 43/1/43
f 44/1/44 42/1/42 45/1/45
f 43/1/43 46/1/46 45/1/45
f 45/1/45 46/1/46 44/1/44
f 46/1/46 43/1/43 47/1/47
f 48/1/48 44/1/44 46/1/46
f 47/1/47 49/1/49 46/1/46
f 46/1/46 49/1/49 48/1/48
f 49/1/49 47/1/47 50/1/50
f 51/1/51 48/1/48 49/1/49
f 52/1/52 49/1/49 50/1/50
f 53/1/53 51/1/51 49/1/49
f 49/1/49 52/1/52 54/1/54
f 49/1/49 54/1/54 53/1/53
f 54/1/54 52/1/52 55/1/55
f 55/1/55 53/1/53 54/1/54
f 52/1/52 56/1/56 55/1/55
f 53/1/53 55/1/55 57/1/57
f 58/1/58 55/1/55 56/1/56
f 59/1/59 57/1/57 55/1/55
f 55/1/55 58/1/58 60/1/60
f 59/1/59 55/1/55 60/1/60
f 58/1/58 61/1/61 60/1/60
f 60/1/60 62/1/62 59/1/59
f 63/1/63 60/1/60 61/1/61
f 62/1/62 60/1/60 63/1/63
f 63/1/63 61/1/61 64/1/64
f 63/1/63 65/1/65 62/1/62
f 66/1/66 63/1/63 64/1/64
f 65/1/65 63/1/63 66/1/66
f 67/1/67 66/1/66 64/1/64
f 68/1/68 65/1/65 66/1/66
f 66/1/66 67/1/67 69/1/69
f 66/1/66 69/1/69 68/1/68
f 70/1/70 71/1/70 72/1/71
f 73/1/70 71/1/70 70/1/70
f 71/1/70 73/1/70 74/1/70
f 74/1/70 73/1/70 75/1/70
f 76/1/70 74/1/70 75/1/70
f 77/1/70 72/1/71 71/1/70
f 72/1/71 77/1/70 78/1/70
f 77/1/70 79/1/70 78/1/70
f 80/1/70 72/1/71 78/1/70
f 72/1/71 80/1/70 81/1/70
f 82/1/70 81/1/70 80/1/70
f 82/1/70 83/1/71 81/1/70
f 83/1/71 82/1/70 84/1/70
f 83/1/71 84/1/70 85/1/70
f 85/1/70 86/1/70 83/1/71
f 87/1/70 83/1/71 86/1/70
f 86/1/70 88/1/70 87/1/70
f 88/1/70 89/1/70 87/1/70
f 88/1/70 90/1/72 89/1/70
f 90/1/72 88/1/70 91/1/70
f 91/1/70 92/1/70 93/1/70
f 90/1/72 91/1/70 93/1/70
f 90/1/72 93/1/70 94/1/70
f 95/1/70 90/1/72 94/1/70
f 96/1/70 90/1/72 95/1/70
f 90/1/72 96/1/70 97/1/70
f 98/1/73 99/1/73 100/1/73
f 99/1/73 101/1/73 100/1/73
f 99/1/73 98/1/73 102/1/73
f 103/1/73 102/1/73 98/1/73
f 104/1/74 102/1/73 103/1/73
f 102/1/73 104/1/74 105/1/73
f 105/1/73 104/1/74 106/1/73
f 105/1/73 106/1/73 107/1/73
f 106/1/73 104/1/74 108/1/73
f 109/1/73 108/1/73 104/1/74
f 109/1/73 110/1/73 108/1/73
f 111/1/74 110/1/73 109/1/73
f 110/1/73 111/1/74 112/1/73
f 111/1/74 113/1/73 112/1/73
f 113/1/73 111/1/74 114/1/73
f 111/1/74 115/1/73 114/1/73
f 114/1/73 115/1/73 116/1/73
f 117/1/73 116/1/73 115/1/73
f 118/1/75 116/1/73 117/1/73
f 118/1/75 119/1/73 116/1/73
f 120/1/73 121/1/73 119/1/73
f 119/1/73 118/1/75 120/1/73
f 120/1/73 118/1/75 122/1/73
f 122/1/73 118/1/75 123/1/73
f 118/1/75 124/1/73 123/1/73
f 124/1/73 118/1/75 125/1/73
f 126/1/76 127/1/77 128/1/78
f 129/1/78 128/1/78 127/1/77
f 130/1/79 128/1/78 129/1/78
f 128/1/78 130/1/79 131/1/80
f 132/1/81 133/1/82 134/1/83
f 135/1/84 134/1/83 133/1/82
f 136/1/85 134/1/83 135/1/84
f 134/1/83 136/1/85 137/1/86
f 138/2/87 139/3/88 140/4/87
f 139/3/88 138/2/87 141/5/88
f 142/6/89 139/3/88 141/5/88
f 142/6/89 143/7/89 139/3/88
f 142/6/89 144/8/90 143/7/89
f 144/8/90 142/6/89 145/9/90
f 146/10/70 144/8/90 145/9/90
f 144/8/90 146/10/70 147/11/70
f 146/10/70 148/12/91 147/11/70
f 148/12/91 146/10/70 149/13/91
f 149/13/91 150/14/92 148/12/91
f 150/14/92 149/13/91 151/15/93
f 150/14/92 151/15/93 152/16/94
f 150/14/92 152/16/94 153/17/94
f 153/17/94 152/16/94 154/18/73
f 154/18/73 155/19/73 153/17/94
f 156/1/95 157/1/96 158/1/97
f 157/1/96 159/1/98 158/1/97
f 160/1/99 157/1/96 156/1/95
f 157/1/96 160/1/99 161/1/100
f 162/20/94 163/21/94 164/22/73
f 164/22/73 165/23/73 162/20/94
f 166/24/101 163/21/94 162/20/94
f 166/24/101 167/25/102 163/21/94
f 166/24/101 168/26/91 167/25/102
f 168/26/91 166/24/101 169/27/91
f 169/27/91 170/28/70 168/26/91
f 170/28/70 169/27/91 171/29/70
f 172/30/103 170/28/70 171/29/70
f 170/28/70 172/30/103 173/31/90
f 172/30/103 174/32/104 173/31/90
f 174/32/104 172/30/103 175/33/89
f 174/32/104 175/33/89 176/34/88
f 174/32/104 176/34/88 177/35/88
f 176/34/88 178/36/73 177/35/88
f 178/36/73 176/34/88 179/37/87
f 180/1/105 181/1/106 182/1/106
f 181/1/106 180/1/105 183/1/105
f 184/1/107 182/1/106 181/1/106
f 185/1/107 184/1/107 181/1/106
f 186/1/104 187/1/88 188/1/88
f 189/1/73 188/1/88 187/1/88
f 187/1/88 186/1/104 190/1/89
f 188/1/88 189/1/73 191/1/73
f 186/1/104 192/1/90 190/1/89
f 193/1/94 191/1/73 189/1/73
f 192/1/90 186/1/104 194/1/90
f 191/1/73 193/1/94 195/1/94
f 192/1/90 194/1/90 196/1/70
f 197/1/93 195/1/94 193/1/94
f 196/1/70 194/1/90 198/1/70
f 195/1/94 197/1/93 199/1/108
f 196/1/70 198/1/70 200/1/91
f 199/1/108 197/1/93 201/1/91
f 200/1/91 198/1/70 201/1/91
f 200/1/91 201/1/91 197/1/93
o 93878034791993
v 1.567458 0.806211 -0.002108
v 1.494496 0.858812 -0.002089
v 1.567462 0.806211 0.010980
v 1.494500 0.858812 0.010999
v 1.596486 0.753612 0.010972
v 1.596482 0.753612 -0.002116
v 1.655693 0.707815 0.010957
v 1.655689 0.707815 -0.002131
v 1.670006 0.662017 0.010953
v 1.670002 0.662017 -0.002135
v -0.835429 0.008217 -0.116496
v -0.806879 -0.003745 -0.138508
v -0.814766 -0.035219 -0.091707
v 1.725981 0.965543 -0.002150
v 1.244384 1.080126 -0.002023
v 1.725985 0.965543 0.010938
v 1.244388 1.080126 0.011065
v 0.218089 0.582961 -0.061399
v 0.111735 0.536035 -0.010748
v 0.115252 0.606878 0.031638
v 0.218101 0.638504 -0.015121
v 1.704655 0.920292 -0.002144
v 1.725981 0.965543 -0.002150
v 1.704659 0.920292 0.010944
v 1.725985 0.965543 0.010938
v 1.635574 0.897964 0.010962
v 1.635570 0.897964 -0.002126
v 1.587962 0.863104 0.010975
v 1.587958 0.863104 -0.002113
v 1.494500 0.858812 0.010999
v 1.494496 0.858812 -0.002089
v 0.218089 0.582961 -0.061399
v 0.320975 0.606878 0.029847
v 0.324470 0.536035 -0.012617
v 0.218101 0.638504 -0.015121
v -0.806879 -0.003745 -0.138508
v -0.779487 -0.007533 -0.112470
v -0.814766 -0.035219 -0.091707
v 1.596482 0.753612 -0.002116
v 1.494496 0.858812 -0.002089
v 1.567458 0.806211 -0.002108
v 1.670002 0.662017 -0.002135
v 1.655689 0.707815 -0.002131
v 1.172168 0.776600 -0.002004
v 1.249718 0.863911 -0.002024
v 1.271554 0.908336 -0.002030
v 1.273790 0.965087 -0.002030
v 1.244384 1.080126 -0.002023
v 1.635570 0.897964 -0.002126
v 1.587958 0.863104 -0.002113
v 1.725981 0.965543 -0.002150
v 1.704655 0.920292 -0.002144
v 1.172172 0.776600 0.011084
v 1.494500 0.858812 0.010999
v 1.249722 0.863911 0.011064
v 1.271558 0.908336 0.011058
v 1.273794 0.965087 0.011058
v 1.244388 1.080126 0.011065
v 1.596486 0.753612 0.010972
v 1.670006 0.662017 0.010953
v 1.655693 0.707815 0.010957
v 1.567462 0.806211 0.010980
v 1.635574 0.897964 0.010962
v 1.587962 0.863104 0.010975
v 1.725985 0.965543 0.010938
v 1.704659 0.920292 0.010944
v 0.091695 0.425421 -0.092217
v 0.053722 0.487027 0.019836
v 0.010328 0.479498 -0.025541
v -0.008053 0.439147 -0.151009
v -0.056811 0.497223 -0.056523
v 0.153002 0.448934 -0.030286
v 0.097233 0.606878 0.059403
v 0.204913 0.571942 0.021597
v 0.242662 0.606878 -0.086103
v 0.203072 0.487027 -0.129593
v 0.152152 0.479871 -0.178820
v 0.018823 0.496355 -0.251886
v -0.117106 0.493423 -0.271537
v -0.173847 0.439289 -0.181770
v -0.174894 0.505738 -0.298442
v -0.246857 0.491193 -0.112911
v -0.268077 0.472069 -0.238907
v -0.324215 0.542276 -0.157935
v -0.365470 0.561627 -0.228135
v -0.301869 0.570062 -0.324742
v -0.187289 0.603402 -0.328100
v -0.399474 0.649389 -0.232899
v -0.218408 0.656994 -0.320033
v -0.325385 0.680626 -0.314134
v -0.309685 0.757518 -0.204010
v -0.409010 0.703586 -0.168102
v -0.207391 0.703953 -0.208812
v -0.417251 0.728741 -0.116992
v -0.278910 0.697621 -0.022030
v -0.355037 0.759988 -0.047458
v -0.500599 0.714849 -0.030442
v -0.370026 0.667190 0.057405
v -0.437320 0.732534 0.037269
v -0.546200 0.652447 0.054278
v -0.436562 0.615617 0.122058
v -0.495841 0.665534 0.112158
v -0.540060 0.588170 0.074666
v -0.485359 0.575335 0.104666
v -0.526793 0.583569 0.115438
v -0.520783 0.547314 0.074423
v 0.152006 0.447914 0.100935
v 0.202768 0.485500 0.199091
v 0.091523 0.435496 0.162964
v 0.242726 0.606878 0.155674
v 0.204920 0.571942 0.047993
v 0.097219 0.606878 0.010245
v 0.053824 0.485500 0.050224
v 0.152425 0.492279 0.248461
v 0.013133 0.492308 0.093338
v -0.079845 0.435532 0.242432
v -0.080589 0.492062 0.346392
v -0.105708 0.492252 0.138417
v -0.342500 0.435479 0.190630
v -0.318639 0.492108 0.086855
v -0.391826 0.492211 0.283095
v -0.456146 0.491995 0.033494
v -0.509541 0.435501 0.126485
v -0.583794 0.492239 0.199245
v -0.668014 0.435520 0.002488
v -0.616969 0.491974 -0.088764
v -0.740855 0.492448 0.079164
v -0.928486 0.492664 -0.152509
v -0.950449 0.448064 -0.080779
v -0.995982 0.494084 -0.024736
v -1.062415 0.499135 -0.106235
v -1.038277 0.472438 -0.136868
v -1.020761 0.499020 -0.171537
v -1.080363 0.492609 -0.163646
v 0.199449 0.571942 0.034797
v 0.127530 0.450119 0.034816
v 0.090686 0.488389 -0.071150
v 0.149986 0.606878 -0.068051
v 0.090742 0.488389 0.140803
v 0.150040 0.606878 0.137672
v 0.029235 0.410660 0.034547
v 0.023103 0.467266 -0.069760
v 0.025447 0.467414 0.139384
v -0.145127 0.469962 -0.051835
v -0.160885 0.410294 0.051546
v -0.179652 0.470060 0.151803
v -0.351399 0.469521 0.089856
v -0.310378 0.410520 -0.003915
v -0.262638 0.467249 -0.098718
v -0.353331 0.474430 -0.149703
v -0.435165 0.424308 -0.070521
v -0.514224 0.498767 -0.019943
v -0.389521 0.447895 -0.169965
v -0.484548 0.419336 -0.101488
v -0.592974 0.462397 -0.142865
v -0.453475 0.320824 -0.170312
v -0.601223 0.397284 -0.155961
v -0.525438 0.348853 -0.110769
v -0.549125 0.198228 -0.170014
v -0.615314 0.254222 -0.112305
v -0.679931 0.318772 -0.162760
v -0.644015 0.123469 -0.127745
v -0.728257 0.193613 -0.080480
v -0.818313 0.235447 -0.146927
v -0.713648 0.064402 -0.124601
v -0.782420 0.101056 -0.083977
v -0.852661 0.111648 -0.135733
v -0.779487 -0.007533 -0.112470
v -0.835429 0.008217 -0.116496
v -0.807875 0.004768 -0.091351
v -0.814766 -0.035219 -0.091707
v 0.269087 -0.179578 0.116568
v 0.291585 -0.200186 0.115460
v 0.260984 -0.205192 0.104522
v 0.254677 -0.191846 0.140538
v 0.279223 -0.157169 0.133279
v 0.320841 -0.194666 0.127764
v 0.250393 -0.177390 0.177386
v 0.331820 -0.125935 0.172207
v 0.395535 -0.155938 0.187465
v 0.290362 -0.124255 0.231533
v 0.424562 -0.041548 0.142900
v 0.343462 -0.030533 0.162847
v 0.324001 -0.027742 0.246402
v 0.430273 0.089388 0.124434
v 0.316865 0.071005 0.239037
v 0.337792 0.087866 0.146879
v 0.301605 0.195707 0.235293
v 0.341365 0.205245 0.137475
v 0.445909 0.198510 0.122598
v 0.345834 0.306050 0.142430
v 0.298793 0.299184 0.247211
v 0.454426 0.311421 0.135357
v 0.359659 0.370253 0.160679
v 0.467605 0.354952 0.145966
v 0.297516 0.377354 0.257852
v 0.435343 0.447026 0.114323
v 0.315052 0.419388 0.170639
v 0.297153 0.453073 0.271375
v 0.390505 0.512159 0.049650
v 0.248586 0.515861 0.209075
v 0.287658 0.469855 0.101350
v 0.329361 0.606681 0.019822
v 0.203203 0.606888 0.146053
v 0.235949 0.576374 0.052618
v 0.324470 0.536035 -0.012617
v 0.223278 0.470777 -0.039672
v 0.322627 0.533103 -0.067933
v 0.218126 0.571942 0.078341
v 0.320975 0.606878 0.029847
v 0.218112 0.498024 0.028304
v 0.111735 0.536035 -0.010748
v 0.115252 0.606878 0.031638
v 0.115746 0.508427 -0.065247
v 0.205844 0.454533 -0.130156
v 0.309075 0.505725 -0.196728
v 0.111574 0.531732 -0.137241
v 0.300571 0.459790 -0.213575
v 0.202124 0.448086 -0.149116
v 0.098289 0.487424 -0.202272
v 0.300469 0.272797 -0.229477
v 0.103795 0.315519 -0.207918
v 0.216451 0.272097 -0.160641
v 0.071427 0.209433 -0.195374
v 0.212353 0.171483 -0.115204
v 0.289968 0.157822 -0.160469
v 0.279443 0.105803 -0.110561
v 0.181970 0.130898 -0.093083
v 0.073713 0.048110 -0.164716
v 0.095974 0.016211 -0.052999
v 0.200109 0.074206 -0.041535
v 0.285930 0.040934 -0.072687
v 0.122722 0.005150 0.031122
v 0.275632 0.024783 0.009040
v 0.210531 0.060302 0.033010
v 0.153590 0.051927 0.154361
v 0.254422 0.062971 0.146549
v 0.198330 0.089512 0.149483
v 0.180955 0.058432 0.201985
v 0.233186 0.065273 0.199775
v 0.204810 0.074632 0.208771
v 0.193734 0.075365 0.223361
v 0.218967 0.388947 0.185856
v 0.114240 0.443227 0.213970
v 0.111975 0.489252 0.162763
v 0.082800 0.352113 0.190402
v 0.115271 0.606878 0.102920
v 0.218119 0.571942 0.053457
v 0.218138 0.451075 0.124324
v 0.324322 0.489252 0.162707
v 0.314144 0.606878 0.102868
v 0.321221 0.431430 0.228408
v 0.271008 0.262694 0.183506
v 0.172965 0.295036 0.125148
v 0.001881 0.276635 0.153256
v 0.115311 0.081681 0.187235
v 0.066027 0.172604 0.110806
v -0.107338 0.043553 0.174283
v -0.110473 0.138385 0.098333
v -0.105835 0.247799 0.143389
v -0.320689 0.121224 0.180483
v -0.283834 0.210265 0.110568
v -0.224353 0.305588 0.156252
v -0.444911 0.246703 0.198600
v -0.415041 0.321707 0.136462
v -0.372508 0.398758 0.179116
v -0.589421 0.270002 0.193149
v -0.616142 0.407708 0.175944
v -0.600670 0.334783 0.138661
v -0.797953 0.264542 0.136746
v -0.829566 0.315302 0.168163
v -0.781475 0.218146 0.186708
v -0.922769 0.207306 0.148082
v -0.903920 0.178133 0.129608
v -0.893040 0.153392 0.159472
v -0.945250 0.162964 0.126241
v 0.425389 0.446604 0.034462
v 0.306170 0.463653 0.034769
v 0.351369 0.504573 -0.071610
v 0.236779 0.571942 0.034787
v 0.286188 0.606878 -0.068087
v 0.351585 0.498002 0.141125
v 0.286240 0.606878 0.129302
v 0.453444 0.487480 -0.069870
v 0.450286 0.478824 0.139306
v 0.567675 0.420325 0.030570
v 0.561472 0.482511 -0.068044
v 0.593604 0.461090 0.135982
v 0.699534 0.501681 -0.069874
v 0.715111 0.433484 0.025210
v 0.728513 0.469525 0.134284
v 0.836747 0.469876 0.022865
v 0.834106 0.481479 0.128240
v 0.814071 0.556668 -0.040211
v 0.954415 0.505310 0.117341
v 0.950633 0.537552 0.016159
v 0.916496 0.638677 -0.005313
v 1.060252 0.612945 0.011203
v 1.089987 0.568340 0.083589
v 1.040148 0.701183 0.028096
v 1.153945 0.639347 -0.014592
v 1.163131 0.723598 0.032220
v 1.205435 0.575986 0.022303
v 1.177436 0.713443 -0.002719
v 1.177883 0.615427 -0.016309
v 1.262815 0.595389 -0.032073
v 1.114792 0.691764 -0.027275
v 1.123936 0.609074 -0.124263
v 1.116341 0.614648 -0.047302
v 1.040407 0.671195 -0.042903
v 1.038817 0.624901 -0.101264
v 1.039996 0.626568 -0.055350
v 0.992316 0.654502 -0.050976
v 0.991825 0.640196 -0.069012
v 0.992188 0.640710 -0.054822
v 0.971627 0.647077 -0.051537
v 0.280269 0.456087 -0.027316
v 0.339010 0.606878 0.059339
v 0.231309 0.571942 0.021590
v 0.193503 0.606878 -0.086091
v 0.233576 0.502568 -0.127739
v 0.384041 0.500487 0.019261
v 0.278794 0.477178 -0.149692
v 0.339279 0.426502 -0.067791
v 0.430019 0.475989 -0.018128
v 0.399728 0.420053 -0.116565
v 0.329143 0.497399 -0.215460
v 0.497697 0.468438 -0.071257
v 0.375654 0.410515 -0.217581
v 0.441081 0.381068 -0.105003
v 0.543757 0.433676 -0.083620
v 0.418584 0.248783 -0.214351
v 0.592936 0.322400 -0.127466
v 0.486879 0.264799 -0.109554
v 0.508079 0.146305 -0.107239
v 0.596026 0.208496 -0.056373
v 0.699615 0.210390 -0.120540
v 0.553922 0.090377 0.054668
v 0.748116 0.157936 0.021896
v 0.641814 0.199541 0.089823
v 0.638630 0.195753 0.142085
v 0.732758 0.275043 0.121538
v 0.833923 0.212027 0.143497
v 0.672229 0.265752 0.198405
v 0.821438 0.276230 0.147061
v 0.732503 0.309723 0.128133
v 0.799664 0.330091 0.146652
v 0.727800 0.324902 0.136326
v 0.699063 0.337809 0.222799
v 0.734276 0.368507 0.141950
v 0.711236 0.391316 0.191343
v 0.792571 0.381822 0.148801
v 0.726590 0.424718 0.157485
v 0.746049 0.414818 0.130694
v 0.778790 0.419248 0.142526
v 0.752688 0.447047 0.142181
v 1.172168 0.776600 -0.002004
v 1.670002 0.662017 -0.002135
v 1.172172 0.776600 0.011084
v 1.670006 0.662017 0.010953
v 1.244388 1.080126 0.011065
v 1.273790 0.965087 -0.002030
v 1.273794 0.965087 0.011058
v 1.244384 1.080126 -0.002023
v 1.271554 0.908336 -0.002030
v 1.271558 0.908336 0.011058
v 1.249718 0.863911 -0.002024
v 1.249722 0.863911 0.011064
v 1.172168 0.776600 -0.002004
v 1.172172 0.776600 0.011084
vn 0.7483 0.6634 -0.0006
vn 0.5851 0.8110 -0.0005
vn 0.7593 0.6508 -0.0006
vn 0.8210 0.5709 -0.0005
vn 0.8210 0.5709 -0.0007
vn 0.9545 0.2981 -0.0007
vn 0.9545 0.2981 -0.0005
vn -0.6338 -0.5882 -0.5024
vn 0.2314 0.9729 -0.0004
vn 0.2315 0.9728 -0.0001
vn 0.2314 0.9729 -0.0005
vn -0.5132 0.5022 -0.6960
vn 0.6606 -0.7507 -0.0005
vn 0.9047 -0.4260 -0.0008
vn 0.6605 -0.7508 -0.0002
vn 0.9047 -0.4261 -0.0006
vn 0.4553 -0.8903 -0.0005
vn 0.3323 -0.9432 -0.0005
vn 0.3323 -0.9432 -0.0004
vn 0.0459 -0.9989 -0.0003
vn 0.0458 -0.9989 -0.0005
vn 0.5038 0.5061 -0.7001
vn 0.3473 -0.8042 -0.4823
vn -0.0003 -0.0000 -1.0000
vn 0.0003 -0.0000 1.0000
vn 0.0439 -0.9990 0.0063
vn 0.0206 -0.7135 0.7003
vn -0.2734 -0.8856 0.3755
vn -0.0490 -0.9956 -0.0796
vn -0.2168 -0.8772 0.4284
vn 0.4261 -0.7994 0.4235
vn 0.2259 -0.4202 0.8789
vn 0.6234 -0.4729 0.6227
vn 0.8792 -0.4200 0.2249
vn 0.6996 -0.7144 0.0140
vn 0.2890 -0.8987 -0.3298
vn 0.1141 -0.8775 -0.4657
vn 0.0555 -0.8737 -0.4833
vn -0.1408 -0.9900 0.0025
vn -0.0354 -0.7247 -0.6881
vn -0.3910 -0.8611 0.3251
vn -0.4086 -0.8549 -0.3198
vn -0.6225 -0.7826 -0.0100
vn -0.7517 -0.5081 -0.4204
vn -0.4284 -0.3635 -0.8272
vn -0.0717 -0.2334 -0.9697
vn -0.7527 0.2932 -0.5895
vn 0.0935 0.4349 -0.8956
vn -0.3530 0.4573 -0.8162
vn 0.0037 0.9650 -0.2622
vn -0.5219 0.7826 -0.3394
vn 0.4061 0.8857 -0.2251
vn -0.3734 0.9137 -0.1606
vn 0.4740 0.7809 0.4069
vn 0.1191 0.9688 0.2173
vn -0.4231 0.8998 0.1061
vn 0.3588 0.6149 0.7023
vn -0.0664 0.8841 0.4626
vn -0.7086 0.5699 0.4161
vn 0.1732 0.2884 0.9417
vn -0.3008 0.5149 0.8027
vn -0.9024 -0.0361 0.4294
vn -0.0194 -0.3449 0.9385
vn -0.5373 -0.2579 0.8029
vn -0.5169 -0.6776 0.5232
vn 0.3817 -0.8410 -0.3835
vn 0.6545 -0.7552 0.0364
vn 0.0400 -0.9985 0.0386
vn 0.8773 -0.4221 -0.2284
vn 0.6223 -0.4749 -0.6222
vn 0.2284 -0.4222 -0.8773
vn -0.0374 -0.7572 -0.6522
vn 0.2619 -0.8931 0.3659
vn -0.2290 -0.8904 -0.3934
vn 0.0136 -0.9954 0.0952
vn 0.0420 -0.8800 0.4732
vn -0.0325 -0.8813 -0.4714
vn -0.0079 -0.9995 0.0308
vn 0.1385 -0.8782 -0.4577
vn -0.1476 -0.8719 0.4668
vn 0.2303 -0.8831 -0.4088
vn -0.0235 -0.9986 0.0484
vn -0.2501 -0.8763 0.4118
vn -0.0059 -0.9983 -0.0582
vn 0.2021 -0.8787 -0.4326
vn -0.2372 -0.8651 0.4419
vn 0.0907 -0.8543 -0.5118
vn -0.1388 -0.9903 -0.0083
vn -0.3313 -0.8493 0.4111
vn -0.4888 -0.8171 0.3056
vn -0.2591 -0.9537 -0.1528
vn 0.0516 -0.8259 -0.5615
vn -0.3167 -0.9271 -0.2006
vn 0.8805 -0.4740 -0.0007
vn 0.6565 -0.7543 -0.0007
vn 0.5672 -0.6690 -0.4802
vn 0.7776 -0.4192 -0.4687
vn 0.5687 -0.6693 0.4781
vn 0.7778 -0.4192 0.4683
vn 0.1630 -0.9865 -0.0142
vn 0.1356 -0.8704 -0.4733
vn 0.1729 -0.8644 0.4722
vn 0.0643 -0.8774 -0.4754
vn -0.0108 -0.9971 0.0757
vn -0.0733 -0.8697 0.4881
vn -0.2804 -0.8442 0.4569
vn -0.0753 -0.9968 0.0249
vn 0.1659 -0.8804 -0.4442
vn 0.2402 -0.9252 -0.2937
vn -0.0821 -0.9829 0.1647
vn -0.4094 -0.7651 0.4970
vn 0.4934 -0.8383 0.2319
vn -0.0116 -0.6594 0.7517
vn -0.4613 -0.2962 0.8364
vn 0.5178 -0.3624 0.7750
vn -0.3956 0.1535 0.9055
vn 0.0998 -0.1505 0.9836
vn 0.4475 -0.3057 0.8404
vn 0.1350 0.0586 0.9891
vn -0.2716 0.4623 0.8441
vn 0.3947 -0.2315 0.8892
vn -0.0340 0.1748 0.9840
vn -0.3827 0.4122 0.8268
vn 0.3762 -0.2500 0.8922
vn -0.1444 -0.0273 0.9891
vn -0.5643 0.1680 0.8083
vn 0.4847 -0.1797 0.8560
vn -0.6271 0.0831 0.7745
vn -0.1014 -0.0449 0.9938
vn -0.0272 -0.0038 0.9996
vn -0.3499 0.5645 -0.7476
vn 0.2976 0.4083 -0.8630
vn -0.3327 0.4855 -0.8085
vn -0.8255 0.4907 -0.2788
vn -0.2709 0.7249 -0.6334
vn 0.3485 0.4534 -0.8203
vn -0.6420 0.7289 -0.2377
vn -0.3218 0.4182 -0.8495
vn 0.1051 0.0596 -0.9927
vn -0.7791 0.5326 -0.3307
vn -0.1732 -0.1797 -0.9684
vn -0.6441 -0.0732 -0.7614
vn -0.9477 0.0674 -0.3118
vn -0.2125 -0.0791 -0.9740
vn -0.9612 -0.0732 -0.2659
vn -0.6834 -0.0899 -0.7245
vn -0.9363 -0.0127 -0.3510
vn -0.6169 0.0127 -0.7869
vn -0.1440 0.0293 -0.9891
vn -0.5680 0.1593 -0.8074
vn -0.8949 0.1084 -0.4329
vn -0.0922 0.1963 -0.9762
vn -0.5487 -0.0400 -0.8351
vn -0.1743 0.0264 -0.9843
vn -0.9166 -0.0782 -0.3920
vn -0.1741 -0.5586 -0.8110
vn -0.7046 -0.5529 -0.4448
vn -0.8856 -0.4387 -0.1527
vn -0.1391 -0.6234 -0.7695
vn -0.8442 -0.5324 -0.0618
vn -0.5223 -0.6814 -0.5127
vn -0.2055 -0.4542 -0.8669
vn -0.8620 -0.4924 -0.1205
vn -0.6189 -0.5454 -0.5653
vn 0.5111 -0.7055 0.4909
vn 0.0703 -0.9755 0.2087
vn 0.5059 -0.8488 0.1537
vn 0.0040 -0.5287 0.8488
vn 0.4797 -0.4640 0.7447
vn 0.0147 -0.7758 0.6308
vn -0.4541 -0.6847 0.5700
vn -0.4699 -0.4670 0.7491
vn -0.4621 -0.8695 0.1745
vn 0.0097 -0.9321 0.3620
vn 0.5704 -0.7325 0.3715
vn -0.5422 -0.7883 0.2907
vn 0.6029 -0.3146 0.7331
vn 0.0060 -0.4466 0.8947
vn -0.5294 -0.3947 0.7510
vn 0.5884 0.1378 0.7967
vn -0.4081 0.0957 0.9079
vn 0.1409 0.1994 0.9697
vn -0.4307 0.2990 0.8515
vn 0.0832 0.4112 0.9077
vn 0.4907 0.3997 0.7743
vn 0.3840 0.5295 0.7564
vn -0.2305 0.5413 0.8086
vn -0.5873 0.4681 0.6603
vn -0.5705 0.7220 0.3914
vn -0.0684 0.8706 0.4871
vn 0.4368 0.7631 0.4763
vn -0.5423 0.8373 0.0690
vn 0.4501 0.8917 0.0473
vn -0.0265 0.9995 -0.0161
vn -0.5933 0.8042 -0.0345
vn 0.4173 0.9072 -0.0534
vn -0.1272 0.9919 0.0005
vn -0.5891 0.7991 0.1198
vn 0.4014 0.9016 0.1616
vn 0.0175 0.9928 0.1187
vn -0.2660 0.9313 -0.2487
vn 0.1619 -0.1163 -0.9799
vn -0.4086 -0.1885 -0.8931
vn -0.4771 -0.5315 -0.6999
vn -0.1713 0.4397 -0.8817
vn -0.4725 -0.4184 -0.7757
vn 0.0065 -0.4687 -0.8833
vn 0.0036 -0.6134 -0.7898
vn 0.4874 -0.5267 -0.6964
vn 0.4834 -0.4045 -0.7764
vn 0.5117 -0.3840 -0.7686
vn 0.4580 -0.0430 -0.8879
vn 0.1794 0.1368 -0.9742
vn -0.1019 0.3968 -0.9122
vn 0.3084 -0.4884 -0.8163
vn 0.1589 -0.1436 -0.9768
vn -0.0355 -0.5991 -0.7999
vn -0.0238 -0.2082 -0.9778
vn 0.0407 0.3790 -0.9245
vn -0.3775 -0.5003 -0.7792
vn -0.1869 -0.1006 -0.9772
vn 0.1090 0.3859 -0.9161
vn -0.3014 -0.5337 -0.7902
vn -0.0941 0.0382 -0.9948
vn 0.0827 0.4251 -0.9014
vn 0.0681 -0.6430 -0.7628
vn -0.0638 0.4524 -0.8895
vn 0.0036 -0.0420 -0.9991
vn 0.0592 -0.0655 -0.9961
vn -0.2007 0.4144 -0.8877
vn 0.3546 -0.6070 -0.7112
vn -0.2094 0.4211 -0.8825
vn 0.1677 -0.1710 -0.9709
vn 0.4345 -0.5999 -0.6718
vn 0.1082 -0.0733 -0.9914
vn -0.1466 -0.9884 -0.0395
vn -0.5817 -0.8133 -0.0101
vn -0.4476 -0.7540 -0.4809
vn -0.8554 -0.5180 0.0027
vn -0.7340 -0.4612 -0.4986
vn -0.4563 -0.7670 0.4511
vn -0.7465 -0.4357 0.5029
vn -0.1243 -0.8927 -0.4331
vn -0.1417 -0.9265 0.3485
vn -0.0294 -0.9954 -0.0913
vn -0.0188 -0.8579 -0.5135
vn -0.0137 -0.9409 0.3385
vn 0.2020 -0.7426 -0.6386
vn 0.1952 -0.9592 -0.2047
vn 0.1505 -0.9540 0.2595
vn 0.3545 -0.8404 -0.4100
vn 0.2834 -0.9570 0.0620
vn 0.3329 -0.4681 -0.8186
vn 0.3771 -0.8932 -0.2449
vn 0.3585 -0.6091 -0.7075
vn 0.2126 -0.1299 -0.9685
vn 0.0602 -0.3528 -0.9338
vn 0.1463 -0.8198 -0.5536
vn -0.0394 0.1886 -0.9813
vn -0.3598 -0.1006 -0.9276
vn -0.3140 0.3215 -0.8933
vn -0.2807 -0.7700 -0.5730
vn -0.9264 0.2248 -0.3021
vn -0.4701 -0.8823 -0.0248
vn -0.2824 -0.9395 -0.1938
vn -0.2823 -0.2111 0.9358
vn -0.1545 -0.9841 0.0875
vn -0.2442 -0.7787 0.5780
vn -0.1093 -0.2609 0.9592
vn -0.2072 -0.9772 0.0464
vn -0.2050 -0.7784 0.5934
vn -0.0149 -0.2685 0.9632
vn -0.2853 -0.9575 0.0417
vn -0.1904 -0.7728 0.6054
vn -0.1121 -0.7170 0.6880
vn -0.4815 -0.7539 0.4470
vn -0.1893 -0.4326 0.8815
vn -0.6136 -0.4973 0.6133
vn -0.8812 -0.4337 0.1882
vn -0.7608 -0.6474 0.0447
vn -0.0595 -0.6301 0.7742
vn -0.4193 -0.8665 -0.2710
vn -0.1515 -0.9748 0.1637
vn 0.1672 -0.8404 0.5155
vn -0.4104 -0.8443 0.3446
vn -0.5580 -0.8157 -0.1528
vn -0.0311 -0.5422 0.8397
vn -0.8266 -0.4465 0.3427
vn -0.4541 -0.3116 0.8347
vn -0.0448 -0.2071 0.9773
vn -0.7874 -0.2169 0.5771
vn 0.1398 0.2119 0.9672
vn -0.4666 -0.0615 0.8823
vn -0.7555 0.1643 0.6342
vn -0.2666 0.7338 0.6249
vn 0.2453 0.8520 0.4626
vn -0.7397 0.6068 0.2909
vn 0.2402 0.9157 -0.3221
vn -0.4466 0.8921 -0.0688
vn -0.7348 0.6653 -0.1322
vn -0.1772 0.5434 -0.8205
vn 0.2196 0.4486 -0.8664
vn -0.7629 0.4570 -0.4573
vn 0.2536 0.1485 -0.9558
vn -0.2777 0.3564 -0.8921
vn 0.1687 0.1407 -0.9756
vn -0.5287 0.2569 -0.8090
vn -0.8898 0.2305 -0.3938
vn -0.5083 0.0235 -0.8609
vn -0.9052 0.0547 -0.4215
vn 0.1775 -0.0547 -0.9826
vn -0.8257 0.1329 -0.5483
vn -0.2973 0.0879 -0.9507
vn 0.2615 -0.0331 -0.9646
vn -0.2241 0.3676 -0.9026
vn -0.2240 -0.9746 -0.0004
vn -0.2239 -0.9746 -0.0005
vn -0.9688 -0.2480 -0.0002
vn -0.9944 -0.1052 0.0003
vn -0.9944 -0.1054 -0.0002
vn -0.9694 0.2453 -0.0002
vn -0.8299 0.5579 -0.0001
vn -0.7474 0.6644 -0.0004
vt 0.000000 0.000000
s 1
f 202/38/109 203/38/110 204/38/109
f 205/38/110 204/38/109 203/38/110
f 204/38/109 206/38/111 202/38/109
f 207/38/111 202/38/109 206/38/111
f 206/38/111 208/38/112 207/38/111
f 209/38/113 207/38/111 208/38/112
f 208/38/112 210/38/114 209/38/113
f 211/38/115 209/38/113 210/38/114
f 212/38/116 213/38/116 214/38/116
f 215/38/117 216/38/118 217/38/119
f 218/38/117 217/38/119 216/38/118
f 219/38/120 220/38/120 221/38/120
f 219/38/120 221/38/120 222/38/120
f 223/38/121 224/38/122 225/38/123
f 226/38/124 225/38/123 224/38/122
f 225/38/123 227/38/125 223/38/121
f 228/38/125 223/38/121 227/38/125
f 227/38/125 229/38/126 228/38/125
f 230/38/127 228/38/125 229/38/126
f 229/38/126 231/38/128 230/38/127
f 232/38/129 230/38/127 231/38/128
f 233/38/130 234/38/130 235/38/130
f 234/38/130 233/38/130 236/38/130
f 237/38/131 238/38/131 239/38/131
f 240/38/132 241/38/132 242/38/132
f 243/38/132 240/38/132 244/38/132
f 243/38/132 245/38/132 240/38/132
f 241/38/132 240/38/132 245/38/132
f 241/38/132 245/38/132 246/38/132
f 241/38/132 246/38/132 247/38/132
f 241/38/132 247/38/132 248/38/132
f 249/38/132 241/38/132 248/38/132
f 249/38/132 250/38/132 241/38/132
f 241/38/132 250/38/132 251/38/132
f 250/38/132 249/38/132 252/38/132
f 250/38/132 252/38/132 253/38/132
f 254/38/133 255/38/133 256/38/133
f 255/38/133 257/38/133 256/38/133
f 255/38/133 258/38/133 257/38/133
f 255/38/133 259/38/133 258/38/133
f 254/38/133 260/38/133 255/38/133
f 260/38/133 254/38/133 261/38/133
f 261/38/133 262/38/133 260/38/133
f 260/38/133 263/38/133 255/38/133
f 255/38/133 264/38/133 259/38/133
f 264/38/133 255/38/133 265/38/133
f 264/38/133 266/38/133 259/38/133
f 266/38/133 264/38/133 267/38/133
f 268/38/134 269/38/135 270/38/136
f 270/38/136 271/38/137 268/38/134
f 271/38/137 270/38/136 272/38/138
f 269/38/135 268/38/134 273/38/139
f 273/38/139 274/38/140 269/38/135
f 274/38/140 273/38/139 275/38/141
f 273/38/139 276/38/142 275/38/141
f 276/38/142 273/38/139 277/38/143
f 277/38/143 273/38/139 268/38/134
f 268/38/134 278/38/144 277/38/143
f 271/38/137 278/38/144 268/38/134
f 271/38/137 279/38/145 278/38/144
f 271/38/137 280/38/146 279/38/145
f 280/38/146 271/38/137 281/38/147
f 272/38/138 281/38/147 271/38/137
f 281/38/147 282/38/148 280/38/146
f 281/38/147 272/38/138 283/38/149
f 283/38/149 284/38/150 281/38/147
f 282/38/148 281/38/147 284/38/150
f 284/38/150 283/38/149 285/38/151
f 284/38/150 285/38/151 286/38/152
f 282/38/148 284/38/150 287/38/153
f 286/38/152 287/38/153 284/38/150
f 282/38/148 287/38/153 288/38/154
f 289/38/155 287/38/153 286/38/152
f 287/38/153 290/38/156 288/38/154
f 287/38/153 289/38/155 291/38/157
f 290/38/156 287/38/153 291/38/157
f 289/38/155 292/38/158 291/38/157
f 292/38/158 290/38/156 291/38/157
f 292/38/158 289/38/155 293/38/159
f 292/38/158 294/38/160 290/38/156
f 295/38/161 292/38/158 293/38/159
f 292/38/158 296/38/162 294/38/160
f 292/38/158 295/38/161 297/38/163
f 296/38/162 292/38/158 297/38/163
f 298/38/164 297/38/163 295/38/161
f 297/38/163 299/38/165 296/38/162
f 297/38/163 298/38/164 300/38/166
f 299/38/165 297/38/163 300/38/166
f 301/38/167 300/38/166 298/38/164
f 300/38/166 302/38/168 299/38/165
f 300/38/166 301/38/167 303/38/169
f 302/38/168 300/38/166 303/38/169
f 301/38/167 304/38/170 303/38/169
f 303/38/169 305/38/171 302/38/168
f 306/38/172 303/38/169 304/38/170
f 305/38/171 303/38/169 306/38/172
f 306/38/172 304/38/170 307/38/173
f 305/38/171 306/38/172 307/38/173
f 308/38/174 309/38/175 310/38/176
f 308/38/174 311/38/177 309/38/175
f 311/38/177 308/38/174 312/38/178
f 308/38/174 313/38/179 312/38/178
f 313/38/179 308/38/174 314/38/180
f 310/38/176 314/38/180 308/38/174
f 309/38/175 315/38/181 310/38/176
f 314/38/180 310/38/176 316/38/182
f 315/38/181 317/38/183 310/38/176
f 310/38/176 317/38/183 316/38/182
f 317/38/183 315/38/181 318/38/184
f 316/38/182 317/38/183 319/38/185
f 318/38/184 320/38/186 317/38/183
f 320/38/186 319/38/185 317/38/183
f 319/38/185 320/38/186 321/38/187
f 320/38/186 318/38/184 322/38/188
f 320/38/186 323/38/189 321/38/187
f 322/38/188 324/38/190 320/38/186
f 323/38/189 320/38/186 324/38/190
f 324/38/190 322/38/188 325/38/191
f 323/38/189 324/38/190 326/38/192
f 325/38/191 326/38/192 324/38/190
f 327/38/193 323/38/189 326/38/192
f 326/38/192 325/38/191 328/38/194
f 326/38/192 329/38/195 327/38/193
f 328/38/194 330/38/196 326/38/192
f 329/38/195 326/38/192 330/38/196
f 330/38/196 328/38/194 331/38/197
f 330/38/196 331/38/197 332/38/198
f 333/38/199 329/38/195 330/38/196
f 333/38/199 330/38/196 332/38/198
f 329/38/195 333/38/199 334/38/200
f 333/38/199 332/38/198 335/38/201
f 334/38/200 333/38/199 335/38/201
f 336/38/202 337/38/203 338/38/204
f 338/38/204 339/38/205 336/38/202
f 336/38/202 340/38/206 337/38/203
f 340/38/206 336/38/202 341/38/207
f 342/38/208 338/38/204 337/38/203
f 340/38/206 342/38/208 337/38/203
f 338/38/204 342/38/208 343/38/209
f 342/38/208 340/38/206 344/38/210
f 342/38/208 345/38/211 343/38/209
f 344/38/210 346/38/212 342/38/208
f 345/38/211 342/38/208 346/38/212
f 346/38/212 344/38/210 347/38/213
f 348/38/214 346/38/212 347/38/213
f 349/38/215 345/38/211 346/38/212
f 346/38/212 348/38/214 349/38/215
f 345/38/211 349/38/215 350/38/216
f 349/38/215 351/38/217 350/38/216
f 348/38/214 352/38/218 349/38/215
f 351/38/217 349/38/215 352/38/218
f 352/38/218 348/38/214 353/38/219
f 352/38/218 354/38/220 351/38/217
f 353/38/219 355/38/221 352/38/218
f 354/38/220 352/38/218 355/38/221
f 355/38/221 353/38/219 356/38/222
f 355/38/221 357/38/223 354/38/220
f 355/38/221 356/38/222 358/38/224
f 357/38/223 355/38/221 359/38/225
f 359/38/225 355/38/221 358/38/224
f 359/38/225 360/38/226 357/38/223
f 358/38/224 361/38/227 359/38/225
f 360/38/226 359/38/225 361/38/227
f 361/38/227 358/38/224 362/38/228
f 361/38/227 363/38/229 360/38/226
f 362/38/228 364/38/230 361/38/227
f 363/38/229 361/38/227 364/38/230
f 364/38/230 362/38/228 365/38/231
f 364/38/230 366/38/232 363/38/229
f 365/38/231 367/38/233 364/38/230
f 366/38/232 364/38/230 367/38/233
f 367/38/233 365/38/231 368/38/234
f 367/38/233 369/38/235 366/38/232
f 368/38/234 370/38/236 367/38/233
f 369/38/235 367/38/233 371/38/237
f 367/38/233 370/38/236 371/38/237
f 369/38/235 371/38/237 372/38/238
f 371/38/237 370/38/236 372/38/238
f 373/38/239 374/38/240 375/38/241
f 376/38/242 373/38/239 375/38/241
f 377/38/243 374/38/240 373/38/239
f 376/38/242 377/38/243 373/38/239
f 377/38/243 378/38/244 374/38/240
f 377/38/243 376/38/242 379/38/245
f 380/38/246 378/38/244 377/38/243
f 379/38/245 380/38/246 377/38/243
f 381/38/247 378/38/244 380/38/246
f 380/38/246 379/38/245 382/38/248
f 380/38/246 383/38/249 381/38/247
f 382/38/248 384/38/250 380/38/246
f 383/38/249 380/38/246 384/38/250
f 384/38/250 382/38/248 385/38/251
f 384/38/250 386/38/252 383/38/249
f 385/38/251 387/38/253 384/38/250
f 387/38/253 388/38/254 384/38/250
f 386/38/252 384/38/250 388/38/254
f 387/38/253 389/38/255 388/38/254
f 386/38/252 388/38/254 390/38/256
f 389/38/255 390/38/256 388/38/254
f 386/38/252 390/38/256 391/38/257
f 389/38/255 392/38/258 390/38/256
f 391/38/257 390/38/256 392/38/258
f 392/38/258 389/38/255 393/38/259
f 391/38/257 392/38/258 394/38/260
f 393/38/259 395/38/261 392/38/258
f 394/38/260 392/38/258 395/38/261
f 395/38/261 396/38/262 394/38/260
f 395/38/261 393/38/259 397/38/263
f 395/38/261 398/38/264 396/38/262
f 397/38/263 399/38/265 395/38/261
f 398/38/264 395/38/261 399/38/265
f 399/38/265 397/38/263 400/38/266
f 398/38/264 399/38/265 401/38/267
f 402/38/268 399/38/265 400/38/266
f 401/38/267 399/38/265 403/38/269
f 399/38/265 402/38/268 403/38/269
f 403/38/269 404/38/270 401/38/267
f 405/38/271 403/38/269 402/38/268
f 404/38/270 403/38/269 406/38/272
f 405/38/271 406/38/272 403/38/269
f 407/38/273 408/38/274 409/38/275
f 410/38/276 407/38/273 411/38/277
f 407/38/273 410/38/276 412/38/278
f 408/38/274 407/38/273 412/38/278
f 410/38/276 413/38/279 412/38/278
f 412/38/278 413/38/279 408/38/274
f 410/38/276 414/38/280 413/38/279
f 415/38/281 408/38/274 413/38/279
f 409/38/275 408/38/274 416/38/282
f 415/38/281 416/38/282 408/38/274
f 417/38/283 409/38/275 416/38/282
f 416/38/282 415/38/281 418/38/284
f 416/38/282 419/38/285 417/38/283
f 418/38/284 420/38/286 416/38/282
f 419/38/285 416/38/282 420/38/286
f 420/38/286 418/38/284 421/38/287
f 420/38/286 422/38/288 419/38/285
f 421/38/287 423/38/289 420/38/286
f 424/38/290 420/38/286 423/38/289
f 422/38/288 420/38/286 424/38/290
f 424/38/290 423/38/289 425/38/291
f 426/38/292 422/38/288 424/38/290
f 424/38/290 425/38/291 426/38/292
f 422/38/288 426/38/292 427/38/293
f 426/38/292 428/38/294 427/38/293
f 425/38/291 429/38/295 426/38/292
f 428/38/294 426/38/292 429/38/295
f 429/38/295 425/38/291 430/38/296
f 429/38/295 430/38/296 431/38/297
f 428/38/294 429/38/295 432/38/298
f 431/38/297 432/38/298 429/38/295
f 428/38/294 432/38/298 433/38/299
f 432/38/298 431/38/297 434/38/300
f 432/38/298 435/38/301 433/38/299
f 434/38/300 436/38/302 432/38/298
f 435/38/301 432/38/298 436/38/302
f 436/38/302 434/38/300 437/38/303
f 436/38/302 438/38/304 435/38/301
f 439/38/305 436/38/302 437/38/303
f 438/38/304 436/38/302 439/38/305
f 439/38/305 437/38/303 440/38/306
f 439/38/305 441/38/307 438/38/304
f 442/38/308 439/38/305 440/38/306
f 441/38/307 439/38/305 442/38/308
f 440/38/306 443/38/309 442/38/308
f 442/38/308 443/38/309 441/38/307
f 444/38/310 445/38/311 446/38/312
f 444/38/310 447/38/313 445/38/311
f 446/38/312 448/38/314 449/38/315
f 450/38/316 446/38/312 449/38/315
f 444/38/310 446/38/312 450/38/316
f 449/38/315 451/38/317 450/38/316
f 451/38/317 444/38/310 450/38/316
f 451/38/317 449/38/315 452/38/318
f 444/38/310 451/38/317 453/38/319
f 444/38/310 453/38/319 454/38/320
f 447/38/313 444/38/310 455/38/321
f 455/38/321 444/38/310 454/38/320
f 455/38/321 456/38/322 447/38/313
f 454/38/320 457/38/323 455/38/321
f 455/38/321 457/38/323 458/38/324
f 456/38/322 455/38/321 458/38/324
f 457/38/323 459/38/325 458/38/324
f 458/38/324 460/38/326 456/38/322
f 458/38/324 459/38/325 460/38/326
f 456/38/322 460/38/326 461/38/327
f 462/38/328 460/38/326 459/38/325
f 463/38/329 461/38/327 460/38/326
f 460/38/326 462/38/328 463/38/329
f 463/38/329 464/38/330 461/38/327
f 463/38/329 462/38/328 465/38/331
f 464/38/330 463/38/329 466/38/332
f 466/38/332 463/38/329 465/38/331
f 467/38/333 464/38/330 466/38/332
f 468/38/334 466/38/332 465/38/331
f 466/38/332 469/38/335 467/38/333
f 466/38/332 468/38/334 470/38/336
f 469/38/335 466/38/332 470/38/336
f 468/38/334 471/38/337 470/38/336
f 471/38/337 469/38/335 470/38/336
f 469/38/335 471/38/337 472/38/338
f 471/38/337 468/38/334 473/38/339
f 471/38/337 474/38/340 472/38/338
f 473/38/339 475/38/341 471/38/337
f 474/38/340 471/38/337 475/38/341
f 475/38/341 473/38/339 476/38/342
f 474/38/340 475/38/341 477/38/343
f 475/38/341 476/38/342 477/38/343
f 478/38/344 479/38/345 480/38/346
f 481/38/347 480/38/346 479/38/345
f 480/38/346 481/38/347 482/38/348
f 483/38/349 481/38/347 479/38/345
f 481/38/347 483/38/349 484/38/350
f 478/38/344 483/38/349 479/38/345
f 480/38/346 485/38/351 478/38/344
f 483/38/349 478/38/344 486/38/352
f 485/38/351 487/38/353 478/38/344
f 486/38/352 478/38/344 487/38/353
f 487/38/353 485/38/351 488/38/354
f 489/38/355 486/38/352 487/38/353
f 487/38/353 488/38/354 490/38/356
f 489/38/355 487/38/353 491/38/357
f 491/38/357 487/38/353 490/38/356
f 492/38/358 489/38/355 491/38/357
f 490/38/356 493/38/359 491/38/357
f 492/38/358 491/38/357 493/38/359
f 494/38/360 492/38/358 493/38/359
f 493/38/359 490/38/356 495/38/361
f 493/38/359 496/38/362 494/38/360
f 495/38/361 497/38/363 493/38/359
f 496/38/362 493/38/359 497/38/363
f 497/38/363 495/38/361 498/38/364
f 496/38/362 497/38/363 499/38/365
f 498/38/364 499/38/365 497/38/363
f 500/38/366 496/38/362 499/38/365
f 499/38/365 498/38/364 501/38/367
f 500/38/366 499/38/365 502/38/368
f 501/38/367 502/38/368 499/38/365
f 502/38/368 501/38/367 503/38/369
f 504/38/370 500/38/366 502/38/368
f 502/38/368 503/38/369 505/38/371
f 504/38/370 502/38/368 506/38/372
f 505/38/371 506/38/372 502/38/368
f 504/38/370 506/38/372 507/38/373
f 508/38/374 506/38/372 505/38/371
f 506/38/372 509/38/375 507/38/373
f 506/38/372 508/38/374 510/38/376
f 509/38/375 506/38/372 510/38/376
f 511/38/377 510/38/376 508/38/374
f 510/38/376 512/38/378 509/38/375
f 510/38/376 511/38/377 513/38/379
f 512/38/378 510/38/376 513/38/379
f 514/38/380 513/38/379 511/38/377
f 513/38/379 515/38/381 512/38/378
f 513/38/379 514/38/380 516/38/382
f 515/38/381 513/38/379 516/38/382
f 516/38/382 514/38/380 517/38/383
f 515/38/381 516/38/382 517/38/383
f 518/38/384 519/38/385 520/38/386
f 518/38/384 520/38/386 521/38/387
f 518/38/384 521/38/387 522/38/388
f 519/38/385 518/38/384 523/38/389
f 524/38/390 518/38/384 522/38/388
f 525/38/391 523/38/389 518/38/384
f 524/38/390 525/38/391 518/38/384
f 523/38/389 525/38/391 526/38/392
f 524/38/390 527/38/393 525/38/391
f 527/38/393 526/38/392 525/38/391
f 527/38/393 524/38/390 528/38/394
f 526/38/392 527/38/393 529/38/395
f 527/38/393 528/38/394 530/38/396
f 531/38/397 529/38/395 527/38/393
f 530/38/396 531/38/397 527/38/393
f 531/38/397 532/38/398 529/38/395
f 531/38/397 530/38/396 533/38/399
f 531/38/397 534/38/400 532/38/398
f 535/38/401 531/38/397 533/38/399
f 534/38/400 531/38/397 535/38/401
f 536/38/402 535/38/401 533/38/399
f 537/38/403 534/38/400 535/38/401
f 536/38/402 537/38/403 535/38/401
f 534/38/400 537/38/403 538/38/404
f 539/38/405 537/38/403 536/38/402
f 537/38/403 540/38/406 538/38/404
f 539/38/405 541/38/407 537/38/403
f 540/38/406 537/38/403 541/38/407
f 541/38/407 539/38/405 542/38/408
f 543/38/409 540/38/406 541/38/407
f 543/38/409 541/38/407 542/38/408
f 543/38/409 544/38/410 540/38/406
f 543/38/409 542/38/408 545/38/411
f 543/38/409 546/38/412 544/38/410
f 546/38/412 543/38/409 547/38/413
f 543/38/409 545/38/411 547/38/413
f 547/38/413 548/38/414 546/38/412
f 545/38/411 549/38/415 547/38/413
f 548/38/414 547/38/413 549/38/415
f 549/38/415 545/38/411 550/38/416
f 548/38/414 549/38/415 551/38/417
f 550/38/416 551/38/417 549/38/415
f 551/38/417 550/38/416 552/38/418
f 548/38/414 551/38/417 553/38/419
f 551/38/417 552/38/418 554/38/420
f 551/38/417 555/38/421 553/38/419
f 551/38/417 554/38/420 555/38/421
f 553/38/419 555/38/421 556/38/422
f 555/38/421 554/38/420 557/38/423
f 556/38/422 555/38/421 557/38/423
f 558/38/424 559/38/424 560/38/424
f 561/38/425 560/38/424 559/38/424
f 562/38/426 563/38/427 564/38/428
f 563/38/427 562/38/426 565/38/426
f 566/38/429 564/38/428 563/38/427
f 564/38/428 566/38/429 567/38/429
f 568/38/430 567/38/429 566/38/429
f 567/38/429 568/38/430 569/38/430
f 570/38/431 569/38/430 568/38/430
f 569/38/430 570/38/431 571/38/431
o 111141550924379
v 0.126466 1.105071 -0.204691
v 0.185036 1.015030 -0.337907
v 0.177670 1.029167 -0.355467
v 0.169707 1.066293 -0.197601
v 0.044346 1.097460 -0.314665
v 0.124285 1.075885 -0.129769
v 0.032534 1.148049 -0.224883
v 0.088836 1.115935 -0.145831
v 0.051204 1.126798 -0.086971
v 0.078864 1.085478 -0.061936
v 0.010579 1.065934 -0.020565
v -0.040043 1.192896 -0.265585
v -0.043463 1.157708 -0.309478
v -0.159881 1.246281 -0.295872
v -0.057808 1.198567 -0.238752
v -0.007754 1.107481 -0.053067
v 0.010175 1.156783 -0.187164
v -0.012185 1.165518 -0.149445
v -0.057707 1.046390 0.020807
v -0.075574 1.204237 -0.211919
v -0.049742 1.151539 -0.129620
v -0.066711 1.088164 -0.019163
v -0.193248 0.981923 0.025398
v -0.211739 0.995086 0.018522
v -0.172491 1.078483 -0.106413
v -0.087299 1.137561 -0.109795
v -0.102409 1.194663 -0.195918
v -0.129242 1.185089 -0.179918
v -0.169611 1.146668 -0.188325
v 0.371530 0.502241 0.018322
v 0.286158 0.640259 -0.046745
v 0.326498 0.608633 0.058400
v 0.329696 0.561736 -0.085978
v 0.417508 0.477743 -0.019067
v 0.360425 0.541583 -0.102579
v 0.485186 0.470192 -0.072196
v 0.412565 0.544203 -0.165750
v 0.462620 0.467490 -0.192466
v 0.531246 0.435431 -0.084559
v 0.580425 0.324155 -0.128405
v 0.509281 0.305083 -0.229081
v 0.599163 0.148785 -0.160481
v 0.687104 0.212145 -0.121480
v 0.735605 0.159691 0.020957
v 0.656613 0.074110 0.014912
v 0.728840 0.153080 0.155423
v 0.821412 0.213782 0.142557
v 0.744755 0.237900 0.207397
v 0.808927 0.277984 0.146121
v 0.758197 0.341012 0.227948
v 0.787152 0.331846 0.145712
v 0.755886 0.393814 0.200707
v 0.780060 0.383577 0.147862
v 0.747107 0.432036 0.171328
v 0.766278 0.421003 0.141587
v 0.740177 0.448802 0.141241
v 0.059312 0.925608 -0.325370
v -0.077259 0.886519 -0.242626
v 0.023494 0.959346 -0.325188
v 0.185036 1.015030 -0.337907
v 0.177670 1.029167 -0.355467
v 0.044346 1.097460 -0.314665
v -0.040846 1.038382 -0.311281
v -0.043463 1.157708 -0.309478
v -0.094421 0.920712 -0.257381
v -0.169684 0.942440 -0.139660
v -0.168101 0.905705 -0.106961
v -0.211739 0.995086 0.018522
v -0.193248 0.981923 0.025398
v -0.172491 1.078483 -0.106413
v -0.160679 1.027895 -0.196195
v -0.169611 1.146668 -0.188325
v -0.115960 1.010425 -0.271632
v -0.173030 1.111480 -0.232220
v -0.159881 1.246281 -0.295872
v -0.137498 1.100139 -0.285884
v -0.083830 1.119287 -0.317887
v 0.282380 0.636166 0.110265
v 0.377994 0.513914 0.048711
v 0.316850 0.608436 0.018882
v 0.344609 0.569485 0.161390
v 0.422832 0.448781 0.113383
v 0.376349 0.504898 0.211503
v 0.400446 0.396187 0.239776
v 0.455094 0.356707 0.145027
v 0.395836 0.303117 0.233948
v 0.441914 0.313175 0.134417
v 0.395841 0.194294 0.221690
v 0.433398 0.200264 0.121657
v 0.417762 0.091142 0.123494
v 0.398629 0.078518 0.217645
v 0.412050 -0.039793 0.141961
v 0.399836 -0.034573 0.227533
v 0.383024 -0.154183 0.186526
v 0.338894 -0.154168 0.238506
v 0.284958 -0.206986 0.176132
v 0.308329 -0.192911 0.126824
v 0.266696 -0.208927 0.140868
v 0.279074 -0.198431 0.114520
v 0.248472 -0.203438 0.103582
v -0.905551 0.155147 0.158533
v -0.927258 0.184306 0.178463
v -0.957761 0.164718 0.125301
v -0.793986 0.219901 0.185768
v -0.824652 0.274190 0.215336
v -0.613854 0.348266 0.229783
v -0.601932 0.271756 0.192209
v -0.457422 0.248457 0.197660
v -0.410514 0.327665 0.238557
v -0.272319 0.215769 0.229179
v -0.333201 0.122978 0.179544
v -0.115976 0.151526 0.225353
v -0.119849 0.045308 0.173343
v 0.039307 0.183146 0.238415
v 0.102800 0.083436 0.186296
v 0.258497 0.264448 0.182567
v 0.169967 0.324792 0.240030
v 0.308710 0.433185 0.227468
v 0.206040 0.487112 0.248779
v 0.311811 0.491007 0.161767
v 0.205649 0.541159 0.207740
v 0.301633 0.608633 0.101928
v 0.205633 0.640259 0.147804
v 0.375337 0.635807 -0.014152
v 0.375452 0.652730 0.035319
v 0.375503 0.640728 0.045814
v 0.355285 0.651713 0.062245
v 0.347781 0.636911 0.082990
v 0.375385 0.648488 -0.012626
v 0.355218 0.662990 -0.062184
v 0.349200 0.655415 -0.077246
v 0.350252 0.698022 -0.068642
v 0.342625 0.701012 -0.085667
v 0.341578 0.734059 -0.049247
v 0.349482 0.723700 -0.040235
v 0.354761 0.728878 0.016655
v 0.359881 0.719217 0.011365
v 0.360871 0.709648 0.026695
v 0.355969 0.716756 0.036129
v 0.363362 0.685395 0.045760
v 0.359115 0.685880 0.060425
v 0.355285 0.651713 0.062245
v 0.347781 0.636911 0.082990
v 0.348454 0.655969 0.022971
v 0.375385 0.648488 -0.012626
v 0.348257 0.653132 -0.011095
v 0.375452 0.652730 0.035319
v 0.337047 0.658915 0.037548
v 0.355285 0.651713 0.062245
v 0.355218 0.662990 -0.062184
v 0.333328 0.664279 -0.047069
v 0.329574 0.690275 -0.051874
v 0.350252 0.698022 -0.068642
v 0.349482 0.723700 -0.040235
v 0.329012 0.709110 -0.031094
v 0.336566 0.706148 0.006446
v 0.359881 0.719217 0.011365
v 0.337273 0.699245 0.017522
v 0.360871 0.709648 0.026695
v 0.363362 0.685395 0.045760
v 0.339066 0.681675 0.031346
v 0.355285 0.651713 0.062245
v 0.337047 0.658915 0.037548
v 0.205578 0.584716 -0.062338
v 0.310116 0.534858 -0.068872
v 0.201584 0.585636 -0.097588
v 0.311958 0.537790 -0.013557
v 0.296564 0.507479 -0.197668
v 0.193888 0.570362 -0.198238
v 0.184670 0.492636 -0.259906
v 0.288059 0.461545 -0.214514
v 0.184451 0.311666 -0.274430
v 0.287958 0.274552 -0.230416
v 0.156325 0.175730 -0.236814
v 0.277456 0.159576 -0.161408
v 0.266932 0.107558 -0.111501
v 0.162859 0.051486 -0.184625
v 0.273419 0.042688 -0.073626
v 0.195635 -0.020158 -0.092393
v 0.198199 -0.022848 -0.006508
v 0.263121 0.026537 0.008100
v 0.193665 0.028665 0.136982
v 0.241910 0.064725 0.145610
v 0.195913 0.038701 0.186973
v 0.220674 0.067028 0.198835
v 0.181223 0.077120 0.222422
v 0.437774 0.480578 0.138366
v 0.398022 0.563863 0.033802
v 0.339042 0.500836 0.140185
v 0.273729 0.608633 0.128363
v 0.319555 0.640813 0.033822
v 0.472635 0.548532 0.034053
v 0.581093 0.462844 0.135042
v 0.570066 0.537823 0.038784
v 0.696869 0.542568 0.039325
v 0.716002 0.471280 0.133345
v 0.797968 0.570741 0.066778
v 0.821595 0.483233 0.127301
v 0.907235 0.606276 0.096076
v 0.941904 0.507065 0.116401
v 1.077476 0.570095 0.082650
v 1.057847 0.656781 0.096877
v 1.199263 0.662456 0.060748
v 1.192924 0.577740 0.021363
v 1.239852 0.678757 -0.008323
v 1.250304 0.597143 -0.033012
v 1.111425 0.610829 -0.125202
v 1.114053 0.683430 -0.101993
v 1.026306 0.626656 -0.102203
v 1.025534 0.671681 -0.089850
v 0.979314 0.641950 -0.069952
v 0.979075 0.655864 -0.066134
v 0.959116 0.648832 -0.052476
v 0.201584 0.585636 -0.097588
v 0.103235 0.510181 -0.066187
v 0.205578 0.584716 -0.062338
v 0.099224 0.537790 -0.011687
v 0.099063 0.533487 -0.138180
v 0.193888 0.570362 -0.198238
v 0.085777 0.489178 -0.203212
v 0.184670 0.492636 -0.259906
v 0.091284 0.317273 -0.208857
v 0.184451 0.311666 -0.274430
v 0.156325 0.175730 -0.236814
v 0.058916 0.211187 -0.196314
v 0.061202 0.049865 -0.165655
v 0.162859 0.051486 -0.184625
v 0.083463 0.017966 -0.053938
v 0.195635 -0.020158 -0.092393
v 0.198199 -0.022848 -0.006508
v 0.110211 0.006905 0.030183
v 0.193665 0.028665 0.136982
v 0.141078 0.053682 0.153421
v 0.195913 0.038701 0.186973
v 0.168444 0.060187 0.201045
v 0.181223 0.077120 0.222422
v 0.284641 0.454828 0.270437
v 0.344609 0.569485 0.161390
v 0.236075 0.517616 0.208135
v 0.282380 0.636166 0.110265
v 0.190692 0.608643 0.145113
v 0.376349 0.504898 0.211503
v 0.400446 0.396187 0.239776
v 0.285005 0.379108 0.256913
v 0.395836 0.303117 0.233948
v 0.286282 0.300938 0.246271
v 0.289094 0.197462 0.234353
v 0.395841 0.194294 0.221690
v 0.304354 0.072759 0.238097
v 0.398629 0.078518 0.217645
v 0.311490 -0.025988 0.245461
v 0.399836 -0.034573 0.227533
v 0.338894 -0.154168 0.238506
v 0.277851 -0.122500 0.230593
v 0.284958 -0.206986 0.176132
v 0.237882 -0.175636 0.176447
v 0.266696 -0.208927 0.140868
v 0.242166 -0.190091 0.139599
v 0.248472 -0.203438 0.103582
v 0.156714 0.617296 0.196898
v 0.204408 0.638383 0.200673
v 0.157080 0.630005 0.198117
v 0.107175 0.641905 0.177120
v 0.215940 0.627386 0.200143
v 0.232030 0.641548 0.181704
v 0.254291 0.629351 0.173863
v 0.093090 0.633623 0.169806
v 0.097752 0.676546 0.174944
v 0.080813 0.678721 0.166862
v 0.114100 0.714773 0.170307
v 0.123721 0.704564 0.177670
v 0.179679 0.714177 0.185889
v 0.175104 0.703668 0.189909
v 0.191192 0.695420 0.190738
v 0.200114 0.703739 0.186896
v 0.212276 0.672794 0.191947
v 0.226981 0.674939 0.188410
v 0.232030 0.641548 0.181704
v 0.254291 0.629351 0.173863
v 0.157080 0.630005 0.198117
v 0.192543 0.642324 0.172708
v 0.158905 0.636561 0.170759
v 0.204408 0.638383 0.200673
v 0.207197 0.647551 0.162255
v 0.232030 0.641548 0.181704
v 0.107175 0.641905 0.177120
v 0.122632 0.645840 0.155282
v 0.097752 0.676546 0.174944
v 0.115629 0.671551 0.153598
v 0.123721 0.704564 0.177670
v 0.134622 0.692097 0.155598
v 0.171977 0.691744 0.164516
v 0.175104 0.703668 0.189909
v 0.183602 0.685796 0.165108
v 0.191192 0.695420 0.190738
v 0.212276 0.672794 0.191947
v 0.198887 0.669407 0.165973
v 0.232030 0.641548 0.181704
v 0.207197 0.647551 0.162255
v 0.234411 0.441381 -0.034450
v 0.276366 0.482009 0.088718
v 0.183033 0.430543 -0.013153
v 0.158993 0.434780 0.037982
v 0.283028 0.460943 -0.013434
v 0.176371 0.451609 0.088999
v 0.290964 0.465095 -0.005763
v 0.183341 0.455676 0.097598
v 0.300321 0.484393 0.066982
v 0.316823 0.482667 0.037109
v 0.253648 0.480308 0.111806
v 0.223478 0.474497 0.126758
v 0.012935 0.469168 0.138444
v 0.033355 0.542609 0.033898
v 0.005285 0.533907 0.033606
v -0.174993 0.534353 0.050350
v 0.078231 0.490144 0.139863
v 0.137529 0.608633 0.136732
v 0.091651 0.640259 0.033883
v -0.192163 0.471814 0.150863
v -0.363911 0.471276 0.088917
v -0.319832 0.534264 -0.003747
v -0.526736 0.500521 -0.020882
v -0.449602 0.544525 -0.099933
v -0.605485 0.464152 -0.143805
v -0.507839 0.480218 -0.207176
v -0.540281 0.371143 -0.217670
v -0.613734 0.399039 -0.156900
v -0.624961 0.264190 -0.220293
v -0.692442 0.320526 -0.163700
v -0.744390 0.172089 -0.201371
v -0.830824 0.237201 -0.147866
v -0.865172 0.113403 -0.136672
v -0.792636 0.087154 -0.179949
v -0.847940 0.009972 -0.117436
v -0.819390 -0.001991 -0.139448
v 0.286158 0.640259 -0.046745
v 0.329696 0.561736 -0.085978
v 0.221065 0.504323 -0.128679
v 0.180992 0.608633 -0.087030
v 0.266283 0.478932 -0.150632
v 0.360425 0.541583 -0.102579
v 0.316632 0.499153 -0.216400
v 0.412565 0.544203 -0.165750
v 0.363142 0.412270 -0.218520
v 0.462620 0.467490 -0.192466
v 0.509281 0.305083 -0.229081
v 0.406073 0.250538 -0.215290
v 0.495567 0.148060 -0.108178
v 0.599163 0.148785 -0.160481
v 0.656613 0.074110 0.014912
v 0.541411 0.092132 0.053729
v 0.626119 0.197508 0.141145
v 0.728840 0.153080 0.155423
v 0.744755 0.237900 0.207397
v 0.659718 0.267507 0.197466
v 0.686552 0.339564 0.221860
v 0.758197 0.341012 0.227948
v 0.698725 0.393070 0.190403
v 0.755886 0.393814 0.200707
v 0.714078 0.426472 0.156545
v 0.747107 0.432036 0.171328
v 0.740177 0.448802 0.141241
v -0.927258 0.184306 0.178463
v -0.935280 0.209060 0.147142
v -0.957761 0.164718 0.125301
v -0.824652 0.274190 0.215336
v -0.842077 0.317056 0.167224
v -0.613854 0.348266 0.229783
v -0.628653 0.409462 0.175005
v -0.385019 0.400512 0.178176
v -0.410514 0.327665 0.238557
v -0.236864 0.307343 0.155312
v -0.272319 0.215769 0.229179
v -0.118346 0.249553 0.142450
v -0.115976 0.151526 0.225353
v -0.010630 0.278389 0.152317
v 0.039307 0.183146 0.238415
v 0.070289 0.353868 0.189462
v 0.169967 0.324792 0.240030
v 0.101729 0.444982 0.213031
v 0.206040 0.487112 0.248779
v 0.099464 0.491007 0.161824
v 0.205649 0.541159 0.207740
v 0.102760 0.608633 0.101981
v 0.205633 0.640259 0.147804
v 0.064170 0.645422 -0.117336
v 0.200857 0.551214 -0.153772
v 0.086867 0.522334 -0.104920
v 0.015495 0.657780 -0.017297
v 0.164375 0.670809 -0.160281
v 0.031496 0.536392 0.008881
v 0.109944 0.516789 -0.081396
v 0.299018 0.661953 -0.113908
v 0.065390 0.524641 0.013367
v 0.276746 0.701730 -0.120119
v 0.242205 0.745062 -0.112882
v 0.269756 0.762309 -0.068588
v 0.306587 0.748954 -0.051398
v 0.288893 0.761992 -0.022343
v 0.305943 0.688185 -0.097652
v 0.292907 0.761062 -0.021879
v 0.277465 0.725611 0.037263
v 0.322997 0.735752 0.017725
v 0.326122 0.731968 -0.048749
v 0.311365 0.715965 0.052374
v 0.327122 0.698480 -0.085696
v 0.287004 0.668934 0.116828
v 0.339553 0.726701 0.017996
v 0.341578 0.734059 -0.049247
v 0.342625 0.701012 -0.085667
v 0.354761 0.728878 0.016655
v 0.349200 0.655415 -0.077246
v 0.355969 0.716756 0.036129
v 0.340810 0.714429 0.037689
v 0.359115 0.685880 0.060425
v 0.343997 0.683189 0.062267
v 0.347781 0.636911 0.082990
v 0.333290 0.634518 0.083961
v 0.317665 0.673390 0.093985
v 0.333796 0.652260 -0.077153
v 0.360339 0.632441 -0.013191
v 0.315952 0.629270 -0.083844
v 0.375337 0.635807 -0.014152
v 0.375503 0.640728 0.045814
v 0.296387 0.573502 -0.081787
v 0.349749 0.605498 -0.012170
v 0.359328 0.637366 0.048684
v 0.347781 0.636911 0.082990
v 0.311366 0.581349 -0.067261
v 0.205158 0.536873 -0.120865
v 0.283825 0.506196 -0.037216
v 0.293889 0.511461 -0.027488
v 0.332613 0.618353 0.074136
v 0.345522 0.581132 0.018225
v 0.282910 0.612167 0.107393
v 0.305754 0.535932 0.064761
v 0.326681 0.533744 0.026880
v 0.230215 0.608633 0.154734
v 0.087501 0.545957 0.152016
v 0.190257 0.487255 0.198152
v 0.125048 0.640259 0.114450
v 0.139914 0.494034 0.247522
v 0.059440 0.553642 0.182314
v -0.093100 0.493817 0.345452
v -0.119780 0.553607 0.245447
v -0.404338 0.493965 0.282155
v -0.380594 0.553682 0.179548
v -0.596306 0.493994 0.198306
v -0.543207 0.553669 0.107789
v -0.753366 0.494203 0.078224
v -0.701712 0.553552 -0.017061
v -0.981742 0.540593 -0.093949
v -1.008493 0.495839 -0.025675
v -1.074926 0.500890 -0.107175
v -1.058106 0.530013 -0.142441
v -1.092874 0.494364 -0.164585
v 0.331395 0.500508 0.034113
v 0.300078 0.479229 -0.017807
v 0.311410 0.502598 0.070289
v 0.290964 0.465095 -0.005763
v 0.316823 0.482667 0.037109
v 0.300321 0.484393 0.066982
v 0.283028 0.460943 -0.013434
v 0.282399 0.499712 0.096613
v 0.276366 0.482009 0.088718
v 0.253648 0.480308 0.111806
v 0.290468 0.474201 -0.027097
v 0.234411 0.441381 -0.034450
v 0.275376 0.532910 0.092326
v 0.231590 0.450509 -0.052547
v 0.183033 0.430543 -0.013153
v 0.222172 0.481388 -0.063866
v 0.157019 0.467645 -0.036859
v 0.169371 0.437385 -0.026756
v 0.140256 0.442516 0.035170
v 0.158993 0.434780 0.037982
v 0.126532 0.473018 0.027986
v 0.161302 0.462896 0.096954
v 0.176371 0.451609 0.088999
v 0.148570 0.494359 0.092683
v 0.169742 0.467822 0.107367
v 0.183341 0.455676 0.097598
v 0.097653 0.556109 0.109078
v 0.157409 0.499517 0.103587
v 0.218350 0.490615 0.142681
v 0.223478 0.474497 0.126758
v 0.110855 0.563801 0.125308
v 0.254888 0.497652 0.124572
v 0.246567 0.530753 0.121604
v 0.208308 0.523384 0.140566
v 0.194713 0.567934 0.163061
v 0.162100 0.589075 0.168047
v 0.247450 0.610900 0.155927
v 0.089839 0.609481 0.133314
v 0.255736 0.627731 0.158443
v 0.219426 0.625122 0.183045
v 0.158257 0.614755 0.180889
v 0.254291 0.629351 0.173863
v 0.215940 0.627386 0.200143
v 0.156714 0.617296 0.196898
v 0.093090 0.633623 0.169806
v 0.262754 0.668584 0.146721
v 0.203025 0.719096 0.108755
v 0.217710 0.707769 0.142320
v 0.229344 0.673154 0.172380
v 0.254291 0.629351 0.173863
v 0.226981 0.674939 0.188410
v 0.202166 0.702295 0.170842
v 0.200114 0.703739 0.186896
v 0.181010 0.723325 0.154089
v 0.181500 0.712869 0.169790
v 0.179679 0.714177 0.185889
v 0.114100 0.714773 0.170307
v 0.115084 0.713498 0.153932
v 0.080813 0.678721 0.166862
v 0.140392 0.747714 0.124598
v 0.139990 0.748961 0.120662
v 0.111615 0.731891 0.135852
v 0.094630 0.746982 0.099602
v 0.081314 0.676968 0.150378
v 0.071117 0.667634 0.127876
v 0.048587 0.681762 0.099006
v 0.053112 0.728513 0.068724
v 0.093765 0.631253 0.153371
v 0.057568 0.640822 0.117981
v 0.472635 0.548532 0.034053
v 0.440932 0.489234 -0.070810
v 0.398022 0.563863 0.033802
v 0.338960 0.508749 -0.072550
v 0.273677 0.608633 -0.069026
v 0.319555 0.640813 0.033822
v 0.548961 0.484266 -0.068983
v 0.570066 0.537823 0.038784
v 0.687022 0.503435 -0.070813
v 0.696869 0.542568 0.039325
v 0.801560 0.558423 -0.041151
v 0.797968 0.570741 0.066778
v 0.904027 0.640323 -0.006173
v 0.907235 0.606276 0.096076
v 1.027637 0.702937 0.027157
v 1.057847 0.656781 0.096877
v 1.150619 0.725353 0.031280
v 1.199263 0.662456 0.060748
v 1.164925 0.715198 -0.003659
v 1.239852 0.678757 -0.008323
v 1.114053 0.683430 -0.101993
v 1.102280 0.693519 -0.028214
v 1.025534 0.671681 -0.089850
v 1.027895 0.672950 -0.043842
v 0.979075 0.655864 -0.066134
v 0.979804 0.656256 -0.051916
v 0.959116 0.648832 -0.052476
v -0.002183 0.481252 -0.026481
v 0.085664 0.544540 -0.086024
v 0.059397 0.543546 -0.114635
v 0.041211 0.488781 0.018897
v 0.084721 0.608633 0.058463
v 0.125006 0.640259 -0.046702
v 0.230151 0.608633 -0.087043
v 0.190561 0.488781 -0.130533
v 0.139641 0.481626 -0.179760
v 0.006311 0.498110 -0.252826
v -0.043186 0.557227 -0.160718
v -0.069322 0.498977 -0.057462
v -0.129617 0.495178 -0.272476
v -0.196235 0.556390 -0.198144
v -0.259368 0.492948 -0.113851
v -0.187405 0.507493 -0.299383
v -0.237093 0.582672 -0.211080
v -0.336726 0.544030 -0.158874
v -0.257552 0.602965 -0.225187
v -0.199800 0.605156 -0.329039
v -0.377981 0.563381 -0.229075
v -0.230920 0.658748 -0.320972
v -0.295027 0.619676 -0.220616
v -0.411986 0.651144 -0.233839
v -0.219902 0.705708 -0.209751
v -0.316718 0.642462 -0.169377
v -0.421522 0.705340 -0.169041
v -0.291421 0.699375 -0.022969
v -0.350070 0.660694 -0.090276
v -0.429762 0.730495 -0.117932
v -0.382537 0.668945 0.056466
v -0.445529 0.646894 -0.016847
v -0.513110 0.716604 -0.031382
v -0.489978 0.606128 0.047658
v -0.449073 0.617372 0.121118
v -0.558711 0.654202 0.053338
v -0.497871 0.577090 0.103726
v -0.552572 0.589925 0.073726
v -0.516598 0.580141 0.071071
v -0.533295 0.549068 0.073483
v 0.091651 0.640259 0.033883
v 0.137475 0.608633 -0.068991
v 0.033355 0.542609 0.033898
v 0.078175 0.490144 -0.072090
v 0.010591 0.469020 -0.070699
v 0.005285 0.533907 0.033606
v -0.157638 0.471717 -0.052775
v -0.174993 0.534353 0.050350
v -0.319832 0.534264 -0.003747
v -0.275149 0.469003 -0.099658
v -0.365842 0.476185 -0.150643
v -0.449602 0.544525 -0.099933
v -0.402032 0.449650 -0.170904
v -0.507839 0.480218 -0.207176
v -0.540281 0.371143 -0.217670
v -0.465986 0.322578 -0.171251
v -0.624961 0.264190 -0.220293
v -0.561636 0.199983 -0.170953
v -0.656526 0.125224 -0.128684
v -0.744390 0.172089 -0.201371
v -0.726159 0.066156 -0.125541
v -0.792636 0.087154 -0.179949
v -0.791998 -0.005779 -0.113409
v -0.819390 -0.001991 -0.139448
v 0.000621 0.494062 0.092399
v 0.087501 0.545957 0.152016
v 0.041313 0.487255 0.049285
v 0.084707 0.608633 0.009305
v 0.125048 0.640259 0.114450
v 0.059440 0.553642 0.182314
v -0.118219 0.494007 0.137478
v -0.119780 0.553607 0.245447
v -0.331150 0.493862 0.085915
v -0.380594 0.553682 0.179548
v -0.468657 0.493750 0.032554
v -0.543207 0.553669 0.107789
v -0.629480 0.493728 -0.089703
v -0.701712 0.553552 -0.017061
v -0.940997 0.494419 -0.153448
v -0.981742 0.540593 -0.093949
v -1.033273 0.500775 -0.172477
v -1.058106 0.530013 -0.142441
v -1.092874 0.494364 -0.164585
v 0.255435 0.838907 -0.207992
v 0.079702 0.845827 -0.297683
v 0.208350 0.926683 -0.245328
v 0.297640 0.909361 -0.067580
v 0.163762 0.959297 -0.271144
v 0.270923 0.777527 -0.162888
v 0.123615 0.760610 -0.262336
v 0.169707 1.066293 -0.197601
v 0.185036 1.015030 -0.337907
v 0.182690 1.027225 -0.161446
v 0.124285 1.075885 -0.129769
v 0.248457 0.999790 -0.107940
v 0.144911 1.037644 -0.098679
v 0.078864 1.085478 -0.061936
v 0.212494 1.011056 -0.036968
v 0.107131 1.048063 -0.035911
v 0.044239 1.028834 -0.001995
v 0.010579 1.065934 -0.020565
v 0.176530 1.022323 0.034002
v 0.261573 0.920030 0.004535
v 0.319457 0.806302 -0.029809
v 0.105616 1.001703 0.065677
v 0.225506 0.930700 0.076648
v 0.153397 0.910563 0.108427
v 0.288067 0.814272 0.034707
v 0.288893 0.761992 -0.022343
v 0.269756 0.762309 -0.068588
v 0.277465 0.725611 0.037263
v 0.242205 0.745062 -0.112882
v 0.164375 0.670809 -0.160281
v 0.159002 0.688769 -0.207590
v 0.064170 0.645422 -0.117336
v 0.256677 0.822242 0.099221
v 0.287004 0.668934 0.116828
v 0.203025 0.719096 0.108755
v 0.192055 0.805869 0.126916
v 0.139990 0.748961 0.120662
v 0.127434 0.789497 0.154611
v 0.094630 0.746982 0.099602
v 0.081288 0.890426 0.140204
v -0.000640 0.753761 0.097921
v 0.053112 0.728513 0.068724
v 0.015495 0.657780 -0.017297
v 0.034703 0.981083 0.097351
v -0.050533 0.812129 0.085861
v -0.018652 1.009604 0.031923
v -0.057707 1.046390 0.020807
v -0.093945 0.900227 0.044996
v -0.120978 0.934377 0.002322
v -0.193248 0.981923 0.025398
v -0.134052 0.827120 -0.092393
v -0.092738 0.741676 -0.054551
v -0.033021 0.671964 -0.023171
v 0.029759 0.656024 -0.152201
v -0.020603 0.720336 -0.198779
v -0.062126 0.804587 -0.234335
v -0.139906 0.866448 -0.107376
v -0.064347 0.845611 -0.232910
v -0.168101 0.905705 -0.106961
v -0.193248 0.981923 0.025398
v -0.077259 0.886519 -0.242626
v 0.061437 0.884070 -0.300746
v 0.059312 0.925608 -0.325370
v 0.185036 1.015030 -0.337907
vn 0.5659 0.8243 -0.0172
vn 0.7445 0.6574 -0.1168
vn 0.6186 0.7559 -0.2143
vn 0.7155 0.6968 0.0501
vn 0.4498 0.8099 -0.3764
vn 0.6441 0.6994 0.3097
vn 0.4724 0.8705 -0.1382
vn 0.5467 0.8130 0.2005
vn 0.3605 0.8172 0.4497
vn 0.4697 0.6890 0.5520
vn 0.2207 0.6624 0.7159
vn 0.5017 0.8325 -0.2350
vn 0.5209 0.7033 -0.4837
vn 0.0702 0.9842 0.1625
vn 0.4305 0.8990 0.0805
vn 0.1055 0.7748 0.6233
vn 0.4471 0.8901 0.0882
vn 0.2324 0.9165 0.3255
vn -0.0389 0.6313 0.7746
vn 0.2167 0.9258 0.3098
vn -0.0087 0.8500 0.5267
vn -0.1132 0.7650 0.6340
vn -0.2028 0.5745 0.7930
vn -0.3044 0.6751 0.6721
vn -0.4636 0.7299 0.5023
vn -0.2341 0.8084 0.5400
vn -0.0175 0.8599 0.5102
vn -0.3279 0.7602 0.5609
vn -0.5641 0.6087 0.5579
vn 0.7486 0.6615 0.0452
vn 0.8700 0.4743 -0.1345
vn 0.7739 0.6331 0.0150
vn 0.4932 0.8200 0.2904
vn 0.5007 0.8176 0.2843
vn 0.6178 0.7835 0.0667
vn 0.5633 0.8120 0.1527
vn 0.7593 0.5757 -0.3033
vn 0.7670 0.5326 -0.3579
vn 0.6868 0.3120 -0.6565
vn 0.7005 0.3276 -0.6340
vn 0.6828 -0.1633 -0.7121
vn 0.6938 -0.2844 -0.6616
vn 0.6712 -0.7155 -0.1939
vn 0.6726 -0.6750 -0.3033
vn 0.6844 -0.6750 0.2756
vn 0.6521 -0.5049 0.5655
vn 0.6939 -0.1916 0.6941
vn 0.7371 -0.1487 0.6592
vn 0.8913 0.0680 0.4483
vn 0.8871 0.0583 0.4579
vn 0.9010 0.2672 0.3419
vn 0.8989 0.2739 0.3419
vn 0.8035 0.5191 0.2913
vn 0.8100 0.5052 0.2979
vn 0.7116 0.6704 0.2101
vn -0.1165 -0.3742 -0.9200
vn -0.5819 -0.4883 -0.6503
vn -0.2531 -0.2238 -0.9412
vn 0.0339 -0.3138 -0.9489
vn -0.0520 -0.1624 -0.9854
vn -0.1116 0.0719 -0.9911
vn -0.2658 -0.0998 -0.9588
vn 0.0280 0.0924 -0.9953
vn -0.6239 -0.3771 -0.6845
vn -0.9074 -0.2806 -0.3128
vn -0.8775 -0.4405 -0.1896
vn -0.9639 -0.2425 -0.1096
vn -0.9169 -0.3976 -0.0354
vn -0.9889 -0.0052 -0.1486
vn -0.9356 -0.1585 -0.3156
vn -1.0000 0.0026 -0.0090
vn -0.6560 -0.2647 -0.7068
vn -0.9606 -0.1213 -0.2501
vn -0.6917 -0.0169 -0.7220
vn -0.6632 -0.2307 -0.7120
vn -0.2033 -0.0550 -0.9776
vn 0.7907 0.6120 0.0127
vn 0.8200 0.5718 0.0256
vn 0.7908 0.6119 0.0130
vn 0.8823 0.4350 0.1799
vn 0.8775 0.4536 0.1555
vn 0.9129 0.1413 0.3830
vn 0.9079 0.0417 0.4171
vn 0.8959 -0.1232 0.4268
vn 0.8953 -0.1243 0.4278
vn 0.9421 -0.0677 0.3283
vn 0.9418 -0.0686 0.3291
vn 0.9723 -0.0325 0.2316
vn 0.9754 -0.0247 0.2189
vn 0.9587 -0.1087 0.2628
vn 0.9504 -0.1330 0.2812
vn 0.7603 -0.5683 0.3146
vn 0.7085 -0.6424 0.2921
vn 0.4071 -0.9113 0.0609
vn 0.3855 -0.9227 0.0082
vn 0.2897 -0.9385 -0.1880
vn 0.2790 -0.9381 -0.2055
vn 0.2449 -0.9348 -0.2573
vn -0.1776 -0.6154 0.7679
vn -0.1511 -0.6033 0.7831
vn -0.4665 -0.7092 0.5286
vn 0.0831 -0.4512 0.8886
vn -0.0008 -0.4336 0.9011
vn -0.0057 -0.4335 0.9011
vn -0.1531 -0.3908 0.9076
vn -0.1610 -0.3851 0.9088
vn -0.1756 -0.3811 0.9077
vn -0.0594 -0.4319 0.8999
vn -0.0545 -0.4329 0.8998
vn 0.1787 -0.3769 0.9088
vn 0.1865 -0.3731 0.9089
vn 0.3018 -0.2609 0.9170
vn 0.2950 -0.2542 0.9211
vn 0.4073 0.1569 0.8997
vn 0.4442 0.2847 0.8495
vn 0.5076 0.5208 0.6864
vn 0.5086 0.5092 0.6943
vn 0.5125 0.4339 0.7410
vn 0.5124 0.4340 0.7410
vn 0.9811 0.0144 -0.1931
vn 0.9714 0.1500 0.1838
vn 0.8433 0.3403 0.4160
vn 0.6976 0.4530 0.5552
vn 0.9820 0.0133 -0.1882
vn 0.9226 0.0407 -0.3835
vn 0.9200 0.0475 -0.3891
vn 0.9026 0.2311 -0.3632
vn 0.9062 0.2075 -0.3685
vn 0.8640 0.4333 -0.2566
vn 0.8580 0.4703 -0.2067
vn 0.8899 0.4544 0.0403
vn 0.8854 0.4644 0.0188
vn 0.9140 0.3434 0.2160
vn 0.9156 0.3346 0.2229
vn 0.9487 0.1667 0.2686
vn 0.9603 0.0368 0.2765
vn 0.9557 -0.0921 0.2796
vn 0.9557 -0.0921 0.2795
vn 0.1620 0.9868 -0.0074
vn 0.1747 0.9835 0.0473
vn 0.1775 0.9812 0.0756
vn 0.1620 0.9868 0.0034
vn 0.1629 0.9835 0.0785
vn 0.4442 0.6664 0.5988
vn 0.4259 0.7029 0.5697
vn 0.6600 -0.1848 0.7282
vn 0.6603 -0.1849 0.7279
vn 0.6255 -0.7517 0.2091
vn 0.6198 -0.7646 0.1770
vn 0.5160 -0.7947 -0.3198
vn 0.5152 -0.7841 -0.3461
vn 0.5064 -0.6224 -0.5968
vn 0.5061 -0.6147 -0.6050
vn 0.5570 -0.4434 -0.7023
vn 0.5503 -0.4512 -0.7025
vn 0.6069 -0.3878 -0.6937
vn 0.4275 0.9028 -0.0474
vn 0.4537 0.8839 -0.1138
vn 0.4637 0.8746 -0.1412
vn 0.4275 0.9028 -0.0475
vn 0.4616 0.6773 -0.5728
vn 0.4740 0.7247 -0.5002
vn 0.4087 0.2779 -0.8693
vn 0.4099 0.2585 -0.8747
vn 0.4000 -0.1340 -0.9067
vn 0.3872 -0.2267 -0.8937
vn 0.4372 -0.4212 -0.7946
vn 0.4722 -0.4240 -0.7728
vn 0.5837 -0.4358 -0.6851
vn 0.5815 -0.4346 -0.6878
vn 0.6599 -0.6272 -0.4137
vn 0.6605 -0.6386 -0.3949
vn 0.5984 -0.7961 0.0902
vn 0.5877 -0.7980 0.1331
vn 0.5679 -0.7800 0.2628
vn 0.5761 -0.7775 0.2523
vn 0.5389 -0.7383 0.4055
vn 0.4941 -0.7159 0.4934
vn 0.3028 -0.5814 0.7552
vn 0.1358 0.8038 0.5791
vn 0.3917 0.7009 0.5961
vn 0.4235 0.6817 0.5965
vn 0.6270 0.5251 0.5755
vn 0.1270 0.8043 0.5805
vn 0.0235 0.7991 0.6008
vn 0.0323 0.8002 0.5989
vn -0.1112 0.7347 0.6692
vn -0.1248 0.7237 0.6787
vn -0.1883 0.5211 0.8324
vn -0.1854 0.5045 0.8433
vn -0.0408 0.2115 0.9765
vn -0.0379 0.2085 0.9773
vn 0.2296 -0.1018 0.9679
vn 0.2227 -0.0930 0.9704
vn 0.5867 -0.2374 0.7742
vn 0.6051 -0.2355 0.7605
vn 0.9944 0.0339 -0.1003
vn 0.9856 0.0544 -0.1598
vn 0.2212 0.3013 -0.9275
vn 0.2446 0.3012 -0.9217
vn -0.3106 0.2651 -0.9128
vn -0.3361 0.2603 -0.9052
vn -0.5391 0.2144 -0.8145
vn -0.5482 0.2126 -0.8089
vn -0.6008 0.2017 -0.7735
vn -0.5242 0.8489 -0.0677
vn -0.5340 0.8391 -0.1038
vn -0.5662 0.7902 -0.2345
vn -0.5662 0.7902 -0.2346
vn -0.5050 0.8404 -0.1966
vn -0.5060 0.8053 -0.3090
vn -0.5390 0.4057 -0.7382
vn -0.5436 0.3557 -0.7602
vn -0.5154 -0.0100 -0.8569
vn -0.5177 -0.0052 -0.8555
vn -0.4042 -0.1740 -0.8980
vn -0.4190 -0.1564 -0.8944
vn -0.3125 -0.6387 -0.7031
vn -0.3116 -0.6435 -0.6992
vn -0.2967 -0.9331 -0.2034
vn -0.2951 -0.9320 -0.2104
vn -0.2940 -0.9485 0.1177
vn -0.2743 -0.9431 0.1879
vn -0.2920 -0.8996 0.3247
vn -0.3152 -0.8953 0.3148
vn -0.3680 -0.8545 0.3667
vn -0.3035 -0.8055 0.5091
vn -0.2031 -0.7048 0.6797
vn 0.2091 0.3717 0.9045
vn 0.0597 0.6460 0.7610
vn 0.0577 0.6498 0.7579
vn 0.0742 0.6175 0.7831
vn 0.0743 0.6174 0.7831
vn 0.1554 0.4830 0.8617
vn 0.2297 0.0153 0.9731
vn 0.2189 0.0016 0.9758
vn 0.1262 -0.1038 0.9866
vn 0.1252 -0.1038 0.9867
vn 0.1368 -0.0540 0.9891
vn 0.1388 -0.0481 0.9892
vn 0.1838 0.0485 0.9818
vn 0.1300 0.0221 0.9913
vn 0.1399 0.0300 0.9897
vn -0.1385 -0.2747 0.9515
vn -0.1677 -0.3078 0.9366
vn -0.4594 -0.6598 0.5947
vn -0.4675 -0.6718 0.5745
vn -0.5722 -0.7815 0.2487
vn -0.5749 -0.7811 0.2437
vn -0.6048 -0.7754 0.1815
vn -0.2292 -0.0921 0.9690
vn 0.1339 0.0768 0.9880
vn -0.2244 -0.0921 0.9701
vn -0.4187 -0.0774 0.9048
vn 0.3527 0.2976 0.8872
vn 0.4862 0.4351 0.7578
vn -0.4253 -0.0706 0.9023
vn -0.4147 0.1159 0.9026
vn -0.4186 0.0914 0.9036
vn -0.3260 0.3288 0.8863
vn -0.2790 0.3706 0.8859
vn -0.0340 0.3736 0.9270
vn -0.0555 0.3825 0.9223
vn 0.1503 0.2765 0.9492
vn 0.1584 0.2682 0.9502
vn 0.2180 0.1022 0.9706
vn 0.2374 -0.0262 0.9711
vn 0.2523 -0.1537 0.9554
vn 0.2520 -0.1535 0.9555
vn -0.0429 0.9716 0.2327
vn -0.1103 0.9688 0.2220
vn -0.0107 0.9715 0.2366
vn -0.1005 0.9696 0.2230
vn -0.0332 0.9727 0.2298
vn 0.5398 0.6800 0.4962
vn 0.5077 0.7163 0.4787
vn 0.7304 -0.1886 0.6565
vn 0.7341 -0.1749 0.6561
vn 0.2490 -0.7869 0.5646
vn 0.2294 -0.7965 0.5595
vn -0.2655 -0.8585 0.4388
vn -0.2918 -0.8504 0.4378
vn -0.5544 -0.7119 0.4311
vn -0.5621 -0.7059 0.4310
vn -0.6770 -0.5506 0.4884
vn -0.6765 -0.5568 0.4820
vn -0.6765 -0.5001 0.5406
vn 0.2848 -0.9350 0.2114
vn 0.2849 -0.9351 0.2109
vn 0.2849 -0.9350 0.2111
vn 0.2849 -0.9350 0.2110
vn -0.1083 0.8413 0.5296
vn -0.5368 0.6519 0.5356
vn -0.1171 0.8401 0.5296
vn -0.0663 0.8547 0.5149
vn -0.5400 0.6491 0.5358
vn -0.7585 0.4195 0.4986
vn -0.0702 0.8549 0.5140
vn -0.1815 0.8685 0.4613
vn -0.1815 0.8695 0.4594
vn -0.3163 0.9367 0.1499
vn -0.3153 0.9366 0.1528
vn -0.5593 0.6232 -0.5467
vn -0.5459 0.6821 -0.4865
vn -0.4971 0.3247 -0.8046
vn -0.4952 0.3277 -0.8046
vn -0.3909 0.3825 -0.8372
vn -0.3839 0.3754 -0.8436
vn -0.4218 0.2163 -0.8805
vn -0.4309 0.1989 -0.8802
vn -0.5399 -0.0598 -0.8396
vn -0.5399 -0.0608 -0.8395
vn -0.5857 -0.2140 -0.7818
vn 0.1500 0.4565 -0.8770
vn 0.0612 0.5494 -0.8333
vn 0.0692 0.5417 -0.8377
vn -0.2013 0.7970 -0.5694
vn -0.2616 0.8388 -0.4775
vn -0.1545 0.7553 -0.6369
vn -0.0960 0.7000 -0.7076
vn 0.1032 0.1930 -0.9758
vn 0.1207 0.2086 -0.9705
vn -0.0442 -0.2473 -0.9679
vn -0.0501 -0.2845 -0.9574
vn -0.1524 -0.8052 -0.5731
vn -0.1554 -0.8121 -0.5624
vn -0.1893 -0.9527 0.2377
vn -0.1933 -0.9657 0.1733
vn -0.2068 -0.6259 0.7520
vn -0.2224 -0.6035 0.7657
vn -0.2273 -0.3654 0.9027
vn -0.2252 -0.3633 0.9041
vn -0.1385 0.0837 0.9868
vn -0.1365 0.1588 0.9778
vn -0.1765 0.5679 0.8040
vn -0.1747 0.5651 0.8063
vn -0.2907 0.7052 0.6466
vn -0.2908 0.7052 0.6466
vn -0.3617 0.7765 0.5160
vn -0.7505 0.3833 0.5385
vn -0.7642 0.3706 0.5278
vn -0.8775 0.2405 0.4149
vn -0.4730 0.5607 0.6796
vn -0.4626 0.5650 0.6832
vn -0.1209 0.6478 0.7521
vn -0.1385 0.6467 0.7500
vn 0.2392 0.5715 0.7850
vn 0.2343 0.5735 0.7850
vn 0.3661 0.5247 0.7685
vn 0.3604 0.5298 0.7678
vn 0.0617 0.6130 0.7876
vn 0.0284 0.6153 0.7878
vn -0.3406 0.4858 0.8050
vn -0.3513 0.4750 0.8068
vn -0.4510 0.1921 0.8716
vn -0.4351 0.1324 0.8906
vn -0.4605 0.2398 0.8546
vn -0.4859 0.3794 0.7873
vn -0.5026 0.5093 0.6986
vn -0.5026 0.4985 0.7064
vn -0.4976 0.4252 0.7560
vn -0.6701 -0.1956 -0.7160
vn 0.1803 -0.4329 -0.8832
vn -0.4827 -0.6702 -0.5637
vn -0.9948 -0.0969 -0.0324
vn 0.0133 -0.0091 -0.9999
vn -0.8464 -0.5226 0.1022
vn -0.2257 -0.9202 -0.3198
vn 0.6618 0.0026 -0.7497
vn -0.5759 -0.7910 0.2066
vn 0.4831 0.3122 -0.8180
vn 0.4800 0.3706 -0.7952
vn 0.5543 0.6568 -0.5112
vn 0.5393 0.7664 -0.3489
vn 0.2595 0.9569 0.1302
vn 0.6236 0.2721 -0.7329
vn 0.3609 0.9197 0.1545
vn 0.0703 0.8310 0.5518
vn 0.3505 0.8734 0.3382
vn 0.2361 0.8891 -0.3921
vn 0.2461 0.7415 0.6242
vn 0.2300 0.3472 -0.9092
vn 0.6568 0.2603 0.7077
vn 0.1807 0.9253 0.3334
vn -0.1377 0.9491 -0.2833
vn -0.0539 0.3363 -0.9402
vn -0.1053 0.9396 0.3255
vn 0.1286 -0.6553 -0.7444
vn -0.0468 0.7503 0.6595
vn 0.1702 0.7358 0.6555
vn -0.0018 0.5377 0.8431
vn 0.0861 0.4780 0.8741
vn 0.0158 0.4096 0.9121
vn 0.5622 -0.1613 0.8111
vn 0.6554 0.3835 0.6507
vn 0.4684 -0.3947 -0.7905
vn 0.5602 -0.8085 -0.1802
vn 0.7473 -0.2482 -0.6164
vn 0.2078 -0.9698 -0.1275
vn 0.2109 -0.9749 0.0717
vn 0.6460 -0.4279 -0.6322
vn 0.8945 -0.3964 -0.2066
vn 0.4880 -0.8612 0.1419
vn 0.1903 -0.9804 0.0512
vn 0.7865 -0.3565 -0.5043
vn 0.2985 -0.7141 -0.6333
vn 0.6190 -0.3343 -0.7107
vn 0.8091 -0.2541 -0.5299
vn 0.7529 -0.3011 0.5852
vn 0.9631 -0.2618 0.0617
vn 0.6871 -0.2052 0.6970
vn 0.7734 -0.0345 0.6330
vn 0.9840 -0.1779 0.0129
vn -0.1951 0.4059 0.8928
vn 0.1378 0.7494 0.6476
vn 0.1153 0.7316 0.6719
vn -0.1951 0.4058 0.8929
vn 0.3289 0.8772 0.3499
vn 0.2860 0.8723 0.3967
vn 0.0557 0.8624 0.5031
vn 0.0235 0.8627 0.5052
vn -0.1552 0.8619 0.4828
vn -0.1600 0.8622 0.4806
vn -0.2509 0.8706 0.4233
vn -0.2516 0.8705 0.4231
vn -0.2401 0.8713 0.4281
vn -0.2410 0.8711 0.4279
vn -0.2927 0.8476 0.4426
vn -0.2723 0.8518 0.4476
vn -0.5397 0.7726 0.3344
vn -0.5779 0.7553 0.3091
vn -0.7552 0.6347 0.1639
vn 0.9777 -0.2052 0.0451
vn 0.8051 -0.3635 -0.4687
vn 0.7809 -0.1330 0.6103
vn 0.7017 -0.6669 -0.2506
vn 0.7786 -0.6153 0.1233
vn 0.6695 -0.5067 0.5431
vn 0.5717 -0.7225 -0.3889
vn 0.6923 -0.1392 0.7081
vn 0.6277 -0.4855 0.6085
vn 0.5623 -0.5157 0.6465
vn 0.6313 -0.4395 -0.6390
vn 0.2565 -0.8463 -0.4669
vn 0.6927 -0.0013 0.7212
vn 0.1803 -0.5965 -0.7821
vn -0.1893 -0.9403 -0.2828
vn 0.1569 -0.5226 -0.8380
vn -0.4903 -0.6582 -0.5713
vn -0.4409 -0.7278 -0.5254
vn -0.7307 -0.6764 0.0925
vn -0.3972 -0.9035 0.1610
vn -0.7926 -0.6054 0.0730
vn -0.6188 -0.5490 0.5619
vn -0.3425 -0.8025 0.4886
vn -0.6995 -0.4499 0.5552
vn -0.4624 -0.4745 0.7490
vn -0.2147 -0.7470 0.6292
vn -0.6135 -0.5378 0.5782
vn -0.5335 -0.3720 0.7596
vn 0.0280 -0.2883 0.9571
vn 0.1503 -0.6702 0.7268
vn -0.4976 -0.4688 0.7298
vn 0.5908 -0.1495 0.7928
vn 0.6045 -0.0491 0.7951
vn -0.0066 -0.2649 0.9643
vn 0.0499 -0.3419 0.9384
vn -0.2019 -0.4922 0.8468
vn 0.5819 -0.3166 0.7491
vn -0.6186 -0.3673 0.6945
vn 0.8023 -0.1447 0.5790
vn 0.2090 -0.8763 0.4340
vn -0.1318 -0.8585 0.4956
vn 0.1552 -0.9779 0.1401
vn 0.1572 -0.9749 0.1577
vn -0.0508 -0.9874 0.1499
vn -0.6942 -0.7159 0.0739
vn 0.5887 0.3775 0.7148
vn 0.4712 0.8660 0.1672
vn 0.5447 0.7679 0.3371
vn 0.8250 0.5465 0.1438
vn 0.8670 0.4957 0.0510
vn 0.7899 0.6119 0.0403
vn 0.5841 0.7752 0.2406
vn 0.5922 0.8058 0.0034
vn 0.2450 0.8636 0.4406
vn 0.2450 0.9359 0.2533
vn 0.2498 0.9670 -0.0503
vn -0.3497 0.9322 -0.0932
vn -0.4824 0.8287 0.2838
vn -0.9616 0.2681 -0.0588
vn 0.0576 0.8933 0.4458
vn 0.0332 0.9372 0.3472
vn -0.4362 0.6810 0.5882
vn -0.5884 0.5569 0.5862
vn -0.9446 0.2398 0.2242
vn -0.7769 0.1490 0.6117
vn -0.8597 0.1949 0.4721
vn -0.8427 0.2546 0.4743
vn -0.7643 -0.4972 0.4107
vn -0.7704 -0.1224 0.6257
vn 0.1208 0.8564 -0.5020
vn 0.1326 0.8510 -0.5082
vn 0.3970 0.7297 -0.5568
vn 0.4479 0.6977 -0.5590
vn 0.6443 0.5349 -0.5466
vn 0.6443 0.5349 -0.5465
vn 0.0086 0.8980 -0.4399
vn -0.0109 0.9037 -0.4281
vn -0.1740 0.9331 -0.3148
vn -0.2119 0.9347 -0.2854
vn -0.3914 0.9159 -0.0892
vn -0.4266 0.9036 -0.0384
vn -0.4579 0.8491 0.2632
vn -0.4518 0.8468 0.2807
vn -0.2265 0.7770 0.5874
vn -0.1727 0.7611 0.6253
vn 0.2548 0.7588 0.5995
vn 0.3331 0.7720 0.5414
vn 0.3757 0.9260 -0.0377
vn 0.4236 0.9045 0.0492
vn -0.0343 0.9712 -0.2358
vn -0.0021 0.9655 -0.2602
vn -0.2481 0.9664 -0.0668
vn -0.2500 0.9660 -0.0658
vn -0.3304 0.9438 -0.0091
vn -0.3315 0.9434 -0.0090
vn -0.3377 0.9412 -0.0082
vn -0.2547 0.8770 0.4075
vn -0.3840 0.8445 -0.3734
vn 0.0760 0.9959 -0.0493
vn -0.7208 0.6910 0.0545
vn -0.8915 0.4118 -0.1887
vn -0.6230 0.4741 -0.6221
vn -0.1887 0.4116 -0.8916
vn 0.0632 0.6964 -0.7148
vn 0.3121 0.8614 -0.4007
vn 0.2194 0.8566 -0.4670
vn 0.0556 0.9983 -0.0181
vn -0.1074 0.8601 0.4986
vn 0.2371 0.8452 -0.4790
vn 0.1825 0.9767 0.1127
vn -0.0029 0.7972 0.6037
vn 0.6952 0.7136 -0.0866
vn 0.4061 0.7952 0.4503
vn -0.0399 0.7919 0.6093
vn 0.4461 0.6311 0.6346
vn 0.7778 0.4622 0.4258
vn -0.1336 0.3629 0.9222
vn 0.8295 0.1392 0.5408
vn 0.3233 -0.3762 0.8683
vn -0.3044 -0.6239 0.7198
vn 0.6295 -0.7196 0.2931
vn 0.0781 -0.9350 0.3459
vn -0.5202 -0.8259 0.2173
vn 0.4051 -0.8975 0.1742
vn 0.0019 -0.9999 0.0171
vn -0.5441 -0.7708 -0.3314
vn 0.4198 -0.9075 -0.0172
vn -0.0744 -0.8965 -0.4368
vn -0.4515 -0.6166 -0.6450
vn 0.1306 -0.7930 -0.5951
vn 0.5517 -0.8060 -0.2145
vn -0.3928 -0.5061 -0.7679
vn 0.6615 -0.6678 -0.3413
vn -0.2180 -0.2678 -0.9385
vn 0.3043 -0.5109 -0.8040
vn 0.3489 -0.2571 -0.9012
vn -0.7588 0.4195 -0.4982
vn -0.5350 0.6537 -0.5352
vn -0.5372 0.6518 -0.5353
vn -0.1554 0.8370 -0.5246
vn -0.1535 0.8373 -0.5247
vn 0.0662 0.8558 -0.5131
vn 0.0701 0.8560 -0.5122
vn 0.2683 0.8424 -0.4673
vn 0.2701 0.8420 -0.4671
vn 0.3335 0.7637 -0.5528
vn 0.3287 0.7512 -0.5725
vn 0.3522 0.4020 -0.8452
vn 0.3727 0.2106 -0.9037
vn 0.3773 -0.1963 -0.9050
vn 0.3773 -0.2004 -0.9041
vn 0.3032 -0.4336 -0.8486
vn 0.2976 -0.4437 -0.8453
vn 0.3092 -0.5344 -0.7866
vn 0.3288 -0.5256 -0.7846
vn 0.4460 -0.4905 -0.7486
vn 0.4497 -0.4922 -0.7453
vn 0.4791 -0.5089 -0.7152
vn -0.2099 0.8739 -0.4385
vn -0.6401 0.7558 -0.1379
vn -0.6744 0.7306 -0.1067
vn -0.8928 0.4056 0.1959
vn -0.2082 0.8736 -0.4398
vn -0.0314 0.8752 -0.4827
vn -0.0207 0.8755 -0.4828
vn 0.1540 0.8654 -0.4768
vn 0.1608 0.8646 -0.4760
vn 0.2438 0.8654 -0.4378
vn 0.2595 0.8656 -0.4282
vn 0.2341 0.8547 -0.4633
vn 0.1989 0.8468 -0.4934
vn 0.1472 0.8195 -0.5539
vn 0.1599 0.8189 -0.5512
vn 0.0749 0.7728 -0.6302
vn 0.0349 0.7543 -0.6556
vn -0.1683 0.6336 -0.7551
vn 0.7596 -0.0394 -0.6492
vn 0.0456 -0.2220 -0.9740
vn 0.6626 0.2223 -0.7152
vn 0.9417 0.3364 -0.0105
vn 0.7749 -0.1204 -0.6206
vn 0.8156 -0.3838 -0.4330
vn 0.1666 -0.4356 -0.8846
vn 0.9626 0.2164 0.1633
vn 0.9975 -0.0677 0.0178
vn 0.7804 0.6241 -0.0388
vn 0.6882 0.6410 0.3400
vn 0.7337 0.6701 -0.1129
vn 0.5313 0.8250 0.1927
vn 0.4724 0.6858 0.5537
vn 0.5865 0.7902 0.1779
vn 0.3026 0.8675 0.3948
vn 0.0976 0.7870 0.6092
vn 0.2558 0.6028 0.7558
vn 0.3778 0.8001 0.4660
vn 0.8261 0.4449 0.3459
vn 0.9889 -0.1340 0.0647
vn 0.0850 0.7463 0.6602
vn 0.5951 0.4567 0.6613
vn 0.2745 0.3961 0.8762
vn 0.9419 0.1256 0.3116
vn 0.8773 -0.4717 0.0891
vn 0.7045 -0.6932 -0.1519
vn 0.9779 -0.0178 0.2081
vn 0.6981 -0.6946 -0.1735
vn 0.3991 -0.8670 -0.2983
vn 0.3298 -0.7247 -0.6050
vn -0.1024 -0.9753 -0.1955
vn 0.6666 0.2153 0.7136
vn 0.6874 0.0720 0.7227
vn 0.1730 -0.0882 0.9810
vn 0.2648 0.0670 0.9620
vn 0.0997 -0.5399 0.8358
vn 0.0402 -0.2169 0.9754
vn -0.1141 -0.7647 0.6341
vn -0.0750 0.2477 0.9659
vn -0.4264 -0.4922 0.7589
vn -0.1355 -0.7672 0.6269
vn -0.2331 -0.9221 0.3088
vn -0.2000 0.5884 0.7835
vn -0.6703 -0.1642 0.7237
vn -0.1238 0.5452 0.8291
vn 0.1075 0.1412 0.9841
vn -0.7563 0.0983 0.6468
vn -0.6354 -0.2434 0.7328
vn -0.0125 -0.1565 0.9876
vn -0.9510 -0.3088 -0.0168
vn -0.8470 -0.5242 0.0885
vn -0.5477 -0.8018 0.2388
vn -0.3067 -0.8643 -0.3986
vn -0.5069 -0.6320 -0.5861
vn -0.6280 -0.3644 -0.6876
vn -0.9091 -0.4055 -0.0950
vn -0.6486 -0.2932 -0.7024
vn -0.6933 -0.7072 0.1384
vn -0.5339 -0.7325 0.4224
vn -0.5970 -0.4525 -0.6625
vn -0.0247 -0.3282 -0.9443
vn 0.2272 -0.6269 -0.7453
vn 0.5063 -0.6415 -0.5764
vt 0.000000 0.000000
s 1
f 572/39/432 573/39/433 574/39/434
f 573/39/433 572/39/432 575/39/435
f 572/39/432 574/39/434 576/39/436
f 572/39/432 577/39/437 575/39/435
f 578/39/438 572/39/432 576/39/436
f 577/39/437 572/39/432 579/39/439
f 579/39/439 572/39/432 578/39/438
f 580/39/440 577/39/437 579/39/439
f 577/39/437 580/39/440 581/39/441
f 582/39/442 581/39/441 580/39/440
f 576/39/436 583/39/443 578/39/438
f 583/39/443 576/39/436 584/39/444
f 583/39/443 584/39/444 585/39/445
f 586/39/446 578/39/438 583/39/443
f 586/39/446 583/39/443 585/39/445
f 580/39/440 587/39/447 582/39/442
f 578/39/438 586/39/446 588/39/448
f 588/39/448 579/39/439 578/39/438
f 579/39/439 589/39/449 580/39/440
f 589/39/449 579/39/439 588/39/448
f 589/39/449 587/39/447 580/39/440
f 590/39/450 582/39/442 587/39/447
f 591/39/451 588/39/448 586/39/446
f 588/39/448 591/39/451 589/39/449
f 591/39/451 586/39/446 585/39/445
f 587/39/447 589/39/449 592/39/452
f 591/39/451 592/39/452 589/39/449
f 587/39/447 593/39/453 590/39/450
f 594/39/454 590/39/450 593/39/453
f 593/39/453 595/39/455 594/39/454
f 595/39/455 593/39/453 596/39/456
f 587/39/447 597/39/457 593/39/453
f 587/39/447 592/39/452 597/39/457
f 593/39/453 597/39/457 596/39/456
f 592/39/452 591/39/451 598/39/458
f 598/39/458 597/39/457 592/39/452
f 591/39/451 585/39/445 598/39/458
f 599/39/459 596/39/456 597/39/457
f 597/39/457 598/39/458 599/39/459
f 598/39/458 585/39/445 599/39/459
f 596/39/456 599/39/459 600/39/460
f 599/39/459 585/39/445 600/39/460
f 601/39/461 602/39/462 603/39/462
f 602/39/462 601/39/461 604/39/463
f 604/39/463 601/39/461 605/39/464
f 605/39/464 606/39/465 604/39/463
f 607/39/466 606/39/465 605/39/464
f 607/39/466 608/39/467 606/39/465
f 607/39/466 609/39/468 608/39/467
f 609/39/468 607/39/466 610/39/469
f 611/39/470 609/39/468 610/39/469
f 609/39/468 611/39/470 612/39/471
f 611/39/470 613/39/472 612/39/471
f 613/39/472 611/39/470 614/39/473
f 613/39/472 614/39/473 615/39/474
f 616/39/475 613/39/472 615/39/474
f 615/39/474 617/39/476 616/39/475
f 617/39/476 615/39/474 618/39/477
f 618/39/477 619/39/478 617/39/476
f 619/39/478 618/39/477 620/39/479
f 620/39/479 621/39/480 619/39/478
f 621/39/480 620/39/479 622/39/481
f 622/39/481 623/39/482 621/39/480
f 623/39/482 622/39/481 624/39/483
f 624/39/483 625/39/484 623/39/482
f 625/39/484 624/39/483 626/39/485
f 625/39/484 626/39/485 627/39/486
f 628/39/487 629/39/488 630/39/489
f 631/39/490 628/39/487 632/39/491
f 628/39/487 630/39/489 632/39/491
f 630/39/489 633/39/492 632/39/491
f 633/39/492 630/39/489 634/39/493
f 634/39/493 635/39/494 633/39/492
f 629/39/488 636/39/495 630/39/489
f 636/39/495 634/39/493 630/39/489
f 637/39/496 636/39/495 629/39/488
f 629/39/488 638/39/497 637/39/496
f 639/39/498 637/39/496 638/39/497
f 639/39/498 638/39/497 640/39/499
f 641/39/500 637/39/496 639/39/498
f 637/39/496 641/39/500 642/39/501
f 642/39/501 636/39/495 637/39/496
f 643/39/502 642/39/501 641/39/500
f 634/39/493 636/39/495 644/39/503
f 636/39/495 642/39/501 644/39/503
f 642/39/501 643/39/502 645/39/504
f 645/39/504 644/39/503 642/39/501
f 643/39/502 646/39/505 645/39/504
f 644/39/503 645/39/504 647/39/506
f 645/39/504 646/39/505 647/39/506
f 644/39/503 648/39/507 634/39/493
f 648/39/507 644/39/503 647/39/506
f 648/39/507 647/39/506 646/39/505
f 635/39/494 634/39/493 648/39/507
f 635/39/494 648/39/507 646/39/505
f 649/39/508 650/39/509 651/39/510
f 650/39/509 649/39/508 652/39/509
f 650/39/509 652/39/509 653/39/511
f 652/39/509 654/39/512 653/39/511
f 654/39/512 655/39/513 653/39/511
f 653/39/511 655/39/513 656/39/514
f 657/39/515 656/39/514 655/39/513
f 656/39/514 657/39/515 658/39/516
f 659/39/517 658/39/516 657/39/515
f 658/39/516 659/39/517 660/39/518
f 659/39/517 661/39/519 660/39/518
f 661/39/519 659/39/517 662/39/520
f 662/39/520 663/39/521 661/39/519
f 663/39/521 662/39/520 664/39/522
f 664/39/522 665/39/523 663/39/521
f 665/39/523 664/39/522 666/39/524
f 665/39/523 666/39/524 667/39/525
f 668/39/526 665/39/523 667/39/525
f 668/39/526 667/39/525 669/39/527
f 669/39/527 670/39/528 668/39/526
f 670/39/528 669/39/527 671/39/529
f 672/39/530 673/39/531 674/39/532
f 672/39/530 675/39/533 673/39/531
f 675/39/533 676/39/533 673/39/531
f 675/39/533 677/39/534 676/39/533
f 677/39/534 675/39/533 678/39/535
f 679/39/536 677/39/534 678/39/535
f 680/39/537 677/39/534 679/39/536
f 679/39/536 681/39/538 680/39/537
f 681/39/538 679/39/536 682/39/538
f 682/39/538 683/39/539 681/39/538
f 683/39/539 682/39/538 684/39/540
f 684/39/540 685/39/541 683/39/539
f 685/39/541 684/39/540 686/39/542
f 686/39/542 687/39/543 685/39/541
f 687/39/543 688/39/544 685/39/541
f 687/39/543 689/39/545 688/39/544
f 690/39/546 688/39/544 689/39/545
f 689/39/545 691/39/547 690/39/546
f 691/39/547 692/39/548 690/39/546
f 693/39/549 692/39/548 691/39/547
f 692/39/548 693/39/549 694/39/550
f 695/39/551 696/39/552 697/39/553
f 698/39/554 697/39/553 696/39/552
f 697/39/553 698/39/554 699/39/554
f 696/39/552 695/39/551 700/39/555
f 695/39/551 701/39/556 700/39/555
f 695/39/551 702/39/557 701/39/556
f 703/39/558 701/39/556 702/39/557
f 703/39/558 702/39/557 704/39/559
f 705/39/560 703/39/558 704/39/559
f 703/39/558 705/39/560 706/39/561
f 707/39/562 706/39/561 705/39/560
f 706/39/561 707/39/562 708/39/563
f 707/39/562 709/39/564 708/39/563
f 709/39/564 707/39/562 710/39/565
f 711/39/566 709/39/564 710/39/565
f 710/39/565 712/39/567 711/39/566
f 712/39/567 713/39/568 711/39/566
f 712/39/567 714/39/569 713/39/568
f 715/39/570 716/39/571 717/39/572
f 716/39/571 715/39/570 718/39/573
f 719/39/574 718/39/573 715/39/570
f 718/39/573 719/39/574 720/39/574
f 721/39/575 717/39/572 716/39/571
f 717/39/572 721/39/575 722/39/576
f 721/39/575 723/39/577 722/39/576
f 723/39/577 721/39/575 724/39/578
f 725/39/579 723/39/577 724/39/578
f 723/39/577 725/39/579 726/39/580
f 725/39/579 727/39/581 726/39/580
f 727/39/581 725/39/579 728/39/582
f 728/39/582 729/39/583 727/39/581
f 729/39/583 728/39/582 730/39/584
f 731/39/585 729/39/583 730/39/584
f 729/39/583 731/39/585 732/39/586
f 733/39/587 732/39/586 731/39/585
f 732/39/586 733/39/587 734/39/587
f 735/39/588 736/39/589 737/39/590
f 736/39/589 735/39/588 738/39/591
f 736/39/589 739/39/592 737/39/590
f 737/39/590 739/39/592 740/39/593
f 739/39/592 741/39/594 740/39/593
f 741/39/594 739/39/592 742/39/595
f 742/39/595 743/39/596 741/39/594
f 743/39/596 742/39/595 744/39/597
f 744/39/597 745/39/598 743/39/596
f 745/39/598 744/39/597 746/39/599
f 745/39/598 746/39/599 747/39/600
f 747/39/600 748/39/601 745/39/598
f 749/39/602 748/39/601 747/39/600
f 748/39/601 749/39/602 750/39/603
f 749/39/602 751/39/604 750/39/603
f 751/39/604 749/39/602 752/39/605
f 752/39/605 753/39/606 751/39/604
f 753/39/606 752/39/605 754/39/607
f 754/39/607 755/39/608 753/39/606
f 755/39/608 754/39/607 756/39/609
f 756/39/609 757/39/610 755/39/608
f 758/39/611 759/39/612 760/39/613
f 759/39/612 761/39/614 760/39/613
f 761/39/614 759/39/612 762/39/614
f 759/39/612 758/39/611 763/39/615
f 764/39/616 763/39/615 758/39/611
f 763/39/615 764/39/616 765/39/617
f 764/39/616 766/39/618 765/39/617
f 766/39/618 764/39/616 767/39/619
f 767/39/619 768/39/620 766/39/618
f 768/39/620 767/39/619 769/39/621
f 769/39/621 770/39/622 768/39/620
f 770/39/622 769/39/621 771/39/623
f 771/39/623 772/39/624 770/39/622
f 770/39/622 772/39/624 773/39/625
f 772/39/624 774/39/626 773/39/625
f 774/39/626 772/39/624 775/39/627
f 775/39/627 776/39/628 774/39/626
f 776/39/628 775/39/627 777/39/629
f 778/39/630 776/39/628 777/39/629
f 776/39/628 778/39/630 779/39/631
f 780/39/632 779/39/631 778/39/630
f 779/39/631 780/39/632 781/39/633
f 782/39/634 781/39/633 780/39/632
f 781/39/633 782/39/634 783/39/635
f 783/39/635 782/39/634 784/39/636
f 785/39/637 786/39/638 787/39/639
f 788/39/640 787/39/639 786/39/638
f 785/39/637 789/39/641 786/39/638
f 789/39/641 785/39/637 790/39/642
f 790/39/642 791/39/643 789/39/641
f 791/39/643 790/39/642 792/39/644
f 792/39/644 793/39/645 791/39/643
f 793/39/645 792/39/644 794/39/646
f 793/39/645 794/39/646 795/39/647
f 796/39/648 793/39/645 795/39/647
f 795/39/647 797/39/649 796/39/648
f 797/39/649 795/39/647 798/39/650
f 798/39/650 799/39/651 797/39/649
f 799/39/651 798/39/650 800/39/652
f 801/39/653 799/39/651 800/39/652
f 799/39/651 801/39/653 802/39/654
f 803/39/655 802/39/654 801/39/653
f 802/39/654 803/39/655 804/39/656
f 805/39/657 804/39/656 803/39/655
f 804/39/656 805/39/657 806/39/658
f 805/39/657 807/39/659 806/39/658
f 808/39/660 809/39/661 810/39/662
f 810/39/662 809/39/661 811/39/663
f 812/39/664 810/39/662 811/39/663
f 809/39/661 808/39/660 813/39/665
f 808/39/660 814/39/666 813/39/665
f 814/39/666 808/39/660 815/39/667
f 815/39/667 816/39/668 814/39/666
f 816/39/668 815/39/667 817/39/669
f 818/39/670 816/39/668 817/39/669
f 816/39/668 818/39/670 819/39/671
f 818/39/670 820/39/672 819/39/671
f 819/39/671 820/39/672 821/39/672
f 822/39/673 821/39/672 820/39/672
f 821/39/672 822/39/673 823/39/674
f 822/39/673 824/39/675 823/39/674
f 824/39/675 822/39/673 825/39/676
f 825/39/676 826/39/677 824/39/675
f 826/39/677 825/39/676 827/39/678
f 827/39/678 828/39/679 826/39/677
f 828/39/679 827/39/678 829/39/680
f 828/39/679 829/39/680 830/39/681
f 831/39/682 832/39/683 833/39/684
f 834/39/685 831/39/682 833/39/684
f 832/39/683 831/39/682 835/39/686
f 835/39/686 836/39/687 832/39/683
f 836/39/687 835/39/686 837/39/687
f 838/39/688 831/39/682 834/39/685
f 839/39/689 838/39/688 834/39/685
f 840/39/690 838/39/688 839/39/689
f 839/39/689 841/39/691 840/39/690
f 841/39/691 839/39/689 842/39/692
f 842/39/692 843/39/693 841/39/691
f 843/39/693 842/39/692 844/39/694
f 845/39/695 843/39/693 844/39/694
f 846/39/696 843/39/693 845/39/695
f 847/39/697 846/39/696 845/39/695
f 846/39/696 847/39/697 848/39/698
f 847/39/697 849/39/699 848/39/698
f 850/39/700 848/39/698 849/39/699
f 851/39/701 852/39/702 853/39/703
f 852/39/702 851/39/701 854/39/704
f 854/39/704 855/39/705 852/39/702
f 855/39/705 854/39/704 856/39/705
f 853/39/703 857/39/706 851/39/701
f 857/39/706 853/39/703 858/39/707
f 858/39/707 859/39/708 857/39/706
f 859/39/708 858/39/707 860/39/709
f 860/39/709 861/39/710 859/39/708
f 861/39/710 860/39/709 862/39/711
f 862/39/711 863/39/712 861/39/710
f 864/39/713 861/39/710 863/39/712
f 864/39/713 863/39/712 865/39/714
f 865/39/714 866/39/715 864/39/713
f 865/39/714 867/39/716 866/39/715
f 867/39/716 865/39/714 868/39/717
f 868/39/717 869/39/718 867/39/716
f 869/39/718 868/39/717 870/39/718
f 871/39/719 872/39/719 873/39/720
f 872/39/719 874/39/721 873/39/720
f 872/39/719 871/39/719 875/39/721
f 874/39/721 872/39/719 876/39/721
f 877/39/721 872/39/719 875/39/721
f 876/39/721 872/39/719 878/39/722
f 872/39/719 877/39/721 879/39/721
f 879/39/721 877/39/721 880/39/721
f 878/39/722 872/39/719 881/39/720
f 878/39/722 881/39/720 882/39/720
f 883/39/723 884/39/724 885/39/725
f 885/39/725 886/39/726 883/39/723
f 884/39/724 883/39/723 887/39/727
f 888/39/728 884/39/724 887/39/727
f 884/39/724 888/39/728 889/39/728
f 890/39/729 883/39/723 886/39/726
f 886/39/726 891/39/730 890/39/729
f 891/39/730 886/39/726 892/39/731
f 892/39/731 893/39/732 891/39/730
f 893/39/732 892/39/731 894/39/733
f 894/39/733 895/39/734 893/39/732
f 895/39/734 894/39/733 896/39/735
f 895/39/734 896/39/735 897/39/736
f 897/39/736 898/39/737 895/39/734
f 897/39/736 899/39/738 898/39/737
f 898/39/737 899/39/738 900/39/739
f 899/39/738 901/39/740 900/39/739
f 902/39/741 900/39/739 901/39/740
f 901/39/740 903/39/742 902/39/741
f 903/39/742 901/39/740 904/39/743
f 904/39/743 905/39/744 903/39/742
f 905/39/744 904/39/743 906/39/744
f 907/39/745 908/39/746 909/39/747
f 909/39/747 910/39/745 907/39/745
f 908/39/746 911/39/748 909/39/747
f 911/39/748 908/39/746 912/39/749
f 912/39/749 913/39/750 911/39/748
f 913/39/750 912/39/749 914/39/751
f 914/39/751 915/39/752 913/39/750
f 915/39/752 914/39/751 916/39/753
f 917/39/754 915/39/752 916/39/753
f 915/39/752 917/39/754 918/39/755
f 917/39/754 919/39/756 918/39/755
f 919/39/756 917/39/754 920/39/757
f 921/39/758 919/39/756 920/39/757
f 919/39/756 921/39/758 922/39/759
f 921/39/758 923/39/760 922/39/759
f 923/39/760 921/39/758 924/39/761
f 925/39/762 923/39/760 924/39/761
f 923/39/760 925/39/762 926/39/763
f 925/39/762 927/39/764 926/39/763
f 927/39/764 925/39/762 928/39/765
f 928/39/765 929/39/766 927/39/764
f 929/39/766 928/39/765 930/39/767
f 930/39/767 931/39/768 929/39/766
f 931/39/768 930/39/767 932/39/769
f 931/39/768 932/39/769 933/39/770
f 934/39/771 935/39/772 936/39/773
f 934/39/771 937/39/774 935/39/772
f 937/39/774 938/39/775 935/39/772
f 937/39/774 939/39/776 938/39/775
f 938/39/775 939/39/776 940/39/777
f 939/39/776 941/39/778 940/39/777
f 941/39/778 939/39/776 942/39/779
f 942/39/779 943/39/780 941/39/778
f 943/39/780 942/39/779 944/39/781
f 944/39/781 945/39/782 943/39/780
f 945/39/782 944/39/781 946/39/783
f 946/39/783 947/39/784 945/39/782
f 947/39/784 946/39/783 948/39/785
f 948/39/785 949/39/786 947/39/784
f 949/39/786 948/39/785 950/39/787
f 950/39/787 951/39/788 949/39/786
f 951/39/788 950/39/787 952/39/789
f 952/39/789 953/39/790 951/39/788
f 953/39/790 952/39/789 954/39/791
f 955/39/792 953/39/790 954/39/791
f 955/39/792 954/39/791 956/39/792
f 957/39/793 958/39/794 959/39/795
f 959/39/795 960/39/796 957/39/793
f 958/39/794 957/39/793 961/39/797
f 960/39/796 959/39/795 962/39/798
f 958/39/794 963/39/799 959/39/795
f 963/39/799 962/39/798 959/39/795
f 961/39/797 964/39/800 958/39/794
f 962/39/798 963/39/799 965/39/801
f 964/39/800 961/39/797 966/39/802
f 966/39/802 961/39/797 967/39/803
f 968/39/804 966/39/802 967/39/803
f 969/39/805 966/39/802 968/39/804
f 970/39/806 969/39/805 968/39/804
f 964/39/800 966/39/802 971/39/807
f 966/39/802 969/39/805 971/39/807
f 969/39/805 970/39/806 972/39/808
f 973/39/809 972/39/808 970/39/806
f 974/39/810 969/39/805 972/39/808
f 972/39/808 973/39/809 974/39/810
f 971/39/807 969/39/805 975/39/811
f 974/39/810 975/39/811 969/39/805
f 974/39/810 973/39/809 976/39/812
f 975/39/811 977/39/813 971/39/807
f 978/39/814 976/39/812 973/39/809
f 975/39/811 974/39/810 979/39/815
f 980/39/816 977/39/813 975/39/811
f 979/39/815 980/39/816 975/39/811
f 977/39/813 980/39/816 981/39/817
f 980/39/816 979/39/815 982/39/818
f 983/39/819 977/39/813 981/39/817
f 979/39/815 984/39/820 982/39/818
f 974/39/810 985/39/821 979/39/815
f 984/39/820 979/39/815 985/39/821
f 985/39/821 974/39/810 976/39/812
f 985/39/821 986/39/822 984/39/820
f 985/39/821 987/39/823 986/39/822
f 976/39/812 987/39/823 985/39/821
f 988/39/824 986/39/822 987/39/823
f 987/39/823 989/39/825 988/39/824
f 976/39/812 989/39/825 987/39/823
f 989/39/825 976/39/812 990/39/826
f 976/39/812 978/39/814 990/39/826
f 978/39/814 989/39/825 990/39/826
f 977/39/813 983/39/819 991/39/827
f 991/39/827 971/39/807 977/39/813
f 992/39/828 991/39/827 983/39/819
f 971/39/807 991/39/827 993/39/829
f 992/39/828 993/39/829 991/39/827
f 983/39/819 994/39/830 992/39/828
f 971/39/807 993/39/829 964/39/800
f 995/39/831 992/39/828 994/39/830
f 996/39/832 964/39/800 993/39/829
f 996/39/832 958/39/794 964/39/800
f 993/39/829 992/39/828 997/39/833
f 992/39/828 995/39/831 998/39/834
f 998/39/834 997/39/833 992/39/828
f 999/39/835 998/39/834 995/39/831
f 998/39/834 999/39/835 989/39/825
f 996/39/832 993/39/829 1000/39/836
f 993/39/829 997/39/833 1000/39/836
f 958/39/794 996/39/832 1001/39/837
f 963/39/799 958/39/794 1001/39/837
f 1000/39/836 1002/39/838 996/39/832
f 1001/39/837 996/39/832 1002/39/838
f 997/39/833 1003/39/839 1000/39/836
f 1002/39/838 1000/39/836 1003/39/839
f 997/39/833 998/39/834 1004/39/840
f 989/39/825 1004/39/840 998/39/834
f 997/39/833 1004/39/840 1005/39/841
f 1003/39/839 997/39/833 1005/39/841
f 989/39/825 1006/39/842 1004/39/840
f 1006/39/842 989/39/825 978/39/814
f 1004/39/840 1007/39/843 1005/39/841
f 1006/39/842 1007/39/843 1004/39/840
f 1003/39/839 1005/39/841 1008/39/844
f 1005/39/841 1007/39/843 1008/39/844
f 1009/39/845 1010/39/846 1011/39/847
f 1010/39/846 1009/39/845 1012/39/848
f 1010/39/846 1013/39/849 1011/39/847
f 1014/39/850 1013/39/849 1010/39/846
f 1014/39/850 1015/39/851 1013/39/849
f 1015/39/851 1014/39/850 1016/39/852
f 1016/39/852 1017/39/853 1015/39/851
f 1017/39/853 1016/39/852 1018/39/854
f 1018/39/854 1019/39/855 1017/39/853
f 1019/39/855 1018/39/854 1020/39/856
f 1020/39/856 1021/39/857 1019/39/855
f 1021/39/857 1020/39/856 1022/39/858
f 1021/39/857 1022/39/858 1023/39/859
f 1024/39/860 1021/39/857 1023/39/859
f 1023/39/859 1025/39/861 1024/39/860
f 1025/39/861 1023/39/859 1026/39/862
f 1025/39/861 1026/39/862 1027/39/863
f 1028/39/864 1003/39/839 1008/39/844
f 1007/39/843 1028/39/864 1008/39/844
f 1003/39/839 1029/39/865 1002/39/838
f 1003/39/839 1028/39/864 1029/39/865
f 1028/39/864 1007/39/843 1030/39/866
f 1028/39/864 1031/39/867 1029/39/865
f 1031/39/867 1028/39/864 1032/39/868
f 1028/39/864 1033/39/869 1032/39/868
f 1033/39/869 1028/39/864 1030/39/866
f 1034/39/870 1029/39/865 1031/39/867
f 1035/39/871 1033/39/869 1030/39/866
f 1007/39/843 1035/39/871 1030/39/866
f 1033/39/869 1035/39/871 1036/39/872
f 1037/39/873 1036/39/872 1035/39/871
f 1029/39/865 1034/39/870 1038/39/874
f 1002/39/838 1029/39/865 1038/39/874
f 1039/39/875 1038/39/874 1034/39/870
f 1035/39/871 1007/39/843 1040/39/876
f 1038/39/874 1039/39/875 1041/39/877
f 1042/39/878 1041/39/877 1039/39/875
f 1038/39/874 1043/39/879 1002/39/838
f 1043/39/879 1038/39/874 1041/39/877
f 1001/39/837 1002/39/838 1043/39/879
f 1007/39/843 1006/39/842 1040/39/876
f 1044/39/880 1001/39/837 1043/39/879
f 1001/39/837 1044/39/880 963/39/799
f 1045/39/881 1043/39/879 1041/39/877
f 1043/39/879 1045/39/881 1044/39/880
f 1041/39/877 1042/39/878 1045/39/881
f 1044/39/880 965/39/801 963/39/799
f 1046/39/882 1045/39/881 1042/39/878
f 1046/39/882 1042/39/878 1047/39/883
f 1045/39/881 1048/39/884 1044/39/880
f 1048/39/884 1045/39/881 1046/39/882
f 965/39/801 1044/39/880 1048/39/884
f 1049/39/885 1046/39/882 1047/39/883
f 1048/39/884 1046/39/882 1049/39/885
f 1047/39/883 1050/39/886 1049/39/885
f 965/39/801 1048/39/884 1051/39/887
f 1051/39/887 1048/39/884 1049/39/885
f 1050/39/886 1052/39/888 1049/39/885
f 1051/39/887 1049/39/885 1052/39/888
f 1050/39/886 1053/39/889 1052/39/888
f 1054/39/890 965/39/801 1051/39/887
f 965/39/801 1054/39/890 962/39/798
f 1052/39/888 1055/39/891 1051/39/887
f 1053/39/889 1056/39/892 1052/39/888
f 1052/39/888 1056/39/892 1055/39/891
f 1056/39/892 1053/39/889 1057/39/893
f 1037/39/873 1056/39/892 1057/39/893
f 1051/39/887 1058/39/894 1054/39/890
f 1058/39/894 1051/39/887 1055/39/891
f 1056/39/892 1037/39/873 1059/39/895
f 1037/39/873 1035/39/871 1059/39/895
f 1040/39/876 1059/39/895 1035/39/871
f 1059/39/895 1040/39/876 1060/39/896
f 1060/39/896 1056/39/892 1059/39/895
f 1006/39/842 1060/39/896 1040/39/876
f 1055/39/891 1056/39/892 1061/39/897
f 1056/39/892 1060/39/896 1061/39/897
f 1062/39/898 1055/39/891 1061/39/897
f 1062/39/898 1061/39/897 1060/39/896
f 1063/39/899 1055/39/891 1062/39/898
f 1055/39/891 1063/39/899 1058/39/894
f 1064/39/900 1062/39/898 1060/39/896
f 1060/39/896 1006/39/842 1064/39/900
f 1063/39/899 1062/39/898 1064/39/900
f 1065/39/901 1058/39/894 1063/39/899
f 1065/39/901 1054/39/890 1058/39/894
f 1006/39/842 1066/39/902 1064/39/900
f 1066/39/902 1006/39/842 978/39/814
f 1067/39/903 1063/39/899 1064/39/900
f 1066/39/902 1067/39/903 1064/39/900
f 1063/39/899 1067/39/903 1068/39/904
f 1068/39/904 1065/39/901 1063/39/899
f 1069/39/905 1067/39/903 1066/39/902
f 1067/39/903 1069/39/905 1070/39/906
f 1070/39/906 1068/39/904 1067/39/903
f 1068/39/904 1070/39/906 1071/39/907
f 1072/39/908 1068/39/904 1071/39/907
f 1066/39/902 978/39/814 1073/39/909
f 1074/39/910 1073/39/909 978/39/814
f 1066/39/902 1073/39/909 1075/39/911
f 1073/39/909 1074/39/910 1075/39/911
f 1075/39/911 1076/39/912 1066/39/902
f 1076/39/912 1077/39/913 1066/39/902
f 1077/39/913 1076/39/912 1078/39/914
f 1079/39/915 1078/39/914 1076/39/912
f 1075/39/911 1079/39/915 1076/39/912
f 1078/39/914 1079/39/915 1080/39/916
f 1074/39/910 1081/39/917 1075/39/911
f 1081/39/917 1079/39/915 1075/39/911
f 1082/39/918 1080/39/916 1079/39/915
f 1079/39/915 1081/39/917 1082/39/918
f 1080/39/916 1082/39/918 1083/39/919
f 1082/39/918 1084/39/920 1083/39/919
f 1084/39/920 1082/39/918 1085/39/921
f 1081/39/917 1085/39/921 1082/39/918
f 1085/39/921 1086/39/922 1084/39/920
f 1074/39/910 1087/39/923 1081/39/917
f 1087/39/923 1074/39/910 1088/39/924
f 1081/39/917 1087/39/923 1089/39/925
f 1088/39/924 1089/39/925 1087/39/923
f 1085/39/921 1081/39/917 1089/39/925
f 1089/39/925 1088/39/924 1090/39/926
f 1086/39/922 1085/39/921 1091/39/927
f 1091/39/927 1072/39/908 1086/39/922
f 1092/39/928 1085/39/921 1089/39/925
f 1085/39/921 1092/39/928 1091/39/927
f 1093/39/929 1089/39/925 1090/39/926
f 1089/39/925 1093/39/929 1092/39/928
f 1090/39/926 1094/39/930 1093/39/929
f 1094/39/930 960/39/796 1093/39/929
f 1072/39/908 1091/39/927 1095/39/931
f 1092/39/928 1095/39/931 1091/39/927
f 1095/39/931 1068/39/904 1072/39/908
f 1065/39/901 1068/39/904 1095/39/931
f 1095/39/931 1092/39/928 1065/39/901
f 1093/39/929 960/39/796 1096/39/932
f 1096/39/932 1092/39/928 1093/39/929
f 1092/39/928 1096/39/932 1065/39/901
f 960/39/796 962/39/798 1096/39/932
f 1096/39/932 1054/39/890 1065/39/901
f 1096/39/932 962/39/798 1054/39/890
f 1097/39/933 1098/39/934 1099/39/935
f 1099/39/935 1098/39/934 1100/39/936
f 1099/39/935 1100/39/936 1101/39/937
f 1101/39/937 1102/39/938 1099/39/935
f 1097/39/933 1103/39/939 1098/39/934
f 1103/39/939 1097/39/933 1104/39/940
f 1104/39/940 1105/39/941 1103/39/939
f 1105/39/941 1104/39/940 1106/39/942
f 1106/39/942 1107/39/943 1105/39/941
f 1107/39/943 1106/39/942 1108/39/944
f 1108/39/944 1109/39/945 1107/39/943
f 1109/39/945 1108/39/944 1110/39/946
f 1110/39/946 1111/39/947 1109/39/945
f 1111/39/947 1110/39/946 1112/39/948
f 1112/39/948 1113/39/949 1111/39/947
f 1113/39/949 1112/39/948 1114/39/950
f 1114/39/950 1115/39/951 1113/39/949
f 1115/39/951 1114/39/950 1116/39/952
f 1116/39/952 1117/39/953 1115/39/951
f 1117/39/953 1118/39/954 1115/39/951
f 1118/39/954 1117/39/953 1119/39/955
f 1120/39/956 1118/39/954 1119/39/955
f 1119/39/955 1121/39/957 1120/39/956
f 1122/39/958 1120/39/956 1121/39/957
f 1122/39/958 1121/39/957 1123/39/959
f 1124/39/960 1125/39/961 1126/39/962
f 1125/39/961 1124/39/960 1127/39/963
f 1128/39/964 1125/39/961 1127/39/963
f 1125/39/961 1128/39/964 1129/39/965
f 1129/39/965 1130/39/966 1125/39/961
f 1125/39/961 1130/39/966 1131/39/967
f 1132/39/968 1125/39/961 1131/39/967
f 1125/39/961 1132/39/968 1126/39/962
f 1133/39/969 1126/39/962 1132/39/968
f 1134/39/970 1124/39/960 1126/39/962
f 1133/39/969 1134/39/970 1126/39/962
f 1134/39/970 1135/39/971 1124/39/960
f 1134/39/970 1133/39/969 1136/39/972
f 1135/39/971 1134/39/970 1137/39/973
f 1137/39/973 1134/39/970 1136/39/972
f 1138/39/974 1135/39/971 1137/39/973
f 1139/39/975 1137/39/973 1136/39/972
f 1138/39/974 1137/39/973 1140/39/976
f 1139/39/975 1140/39/976 1137/39/973
f 1140/39/976 1141/39/977 1138/39/974
f 1139/39/975 1142/39/978 1140/39/976
f 1142/39/978 1141/39/977 1140/39/976
f 1142/39/978 1139/39/975 1143/39/979
f 1141/39/977 1142/39/978 1144/39/980
f 1142/39/978 1143/39/979 1145/39/981
f 1144/39/980 1142/39/978 1146/39/982
f 1142/39/978 1145/39/981 1146/39/982
f 1146/39/982 1147/39/983 1144/39/980
f 1145/39/981 1148/39/984 1146/39/982
f 1147/39/983 1146/39/982 1149/39/985
f 1146/39/982 1148/39/984 1149/39/985
f 1149/39/985 1150/39/986 1147/39/983
f 1149/39/985 1148/39/984 1151/39/987
f 1150/39/986 1149/39/985 1152/39/988
f 1149/39/985 1151/39/987 1152/39/988
f 1152/39/988 1153/39/989 1150/39/986
f 1151/39/987 1154/39/990 1152/39/988
f 1152/39/988 1155/39/991 1153/39/989
f 1152/39/988 1154/39/990 1155/39/991
f 1156/39/992 1153/39/989 1155/39/991
f 1154/39/990 1157/39/993 1155/39/991
f 1156/39/992 1155/39/991 1157/39/993
f 1157/39/993 1154/39/990 1158/39/994
f 1159/39/995 1156/39/992 1157/39/993
f 1158/39/994 1160/39/996 1157/39/993
f 1157/39/993 1161/39/997 1159/39/995
f 1157/39/993 1160/39/996 1162/39/998
f 1161/39/997 1157/39/993 1162/39/998
f 1162/39/998 1160/39/996 1163/39/999
f 1161/39/997 1162/39/998 1163/39/999
f 1164/39/1000 1165/39/1000 1166/39/1001
f 1166/39/1001 1165/39/1000 1167/39/1002
f 1166/39/1001 1167/39/1002 1168/39/1003
f 1168/39/1003 1169/39/1004 1166/39/1001
f 1168/39/1003 1170/39/1005 1169/39/1004
f 1171/39/1006 1169/39/1004 1170/39/1005
f 1170/39/1005 1172/39/1007 1171/39/1006
f 1172/39/1007 1170/39/1005 1173/39/1008
f 1174/39/1009 1172/39/1007 1173/39/1008
f 1172/39/1007 1174/39/1009 1175/39/1010
f 1175/39/1010 1174/39/1009 1176/39/1011
f 1177/39/1012 1175/39/1010 1176/39/1011
f 1176/39/1011 1178/39/1013 1177/39/1012
f 1178/39/1013 1176/39/1011 1179/39/1014
f 1179/39/1014 1180/39/1015 1178/39/1013
f 1180/39/1015 1179/39/1014 1181/39/1016
f 1181/39/1016 1182/39/1017 1180/39/1015
f 1183/39/1018 1180/39/1015 1182/39/1017
f 1183/39/1018 1182/39/1017 1184/39/1019
f 1185/39/1020 1183/39/1018 1184/39/1019
f 1184/39/1019 1186/39/1021 1185/39/1020
f 1187/39/1021 1185/39/1020 1186/39/1021
f 1188/39/1022 1189/39/1023 1190/39/1024
f 1189/39/1023 1191/39/1025 1190/39/1024
f 1191/39/1025 1189/39/1023 1192/39/1025
f 1189/39/1023 1188/39/1022 1193/39/1026
f 1194/39/1027 1193/39/1026 1188/39/1022
f 1195/39/1028 1193/39/1026 1194/39/1027
f 1195/39/1028 1194/39/1027 1196/39/1029
f 1197/39/1030 1195/39/1028 1196/39/1029
f 1197/39/1030 1196/39/1029 1198/39/1031
f 1199/39/1032 1197/39/1030 1198/39/1031
f 1200/39/1033 1199/39/1032 1198/39/1031
f 1199/39/1032 1200/39/1033 1201/39/1034
f 1200/39/1033 1202/39/1035 1201/39/1034
f 1203/39/1036 1201/39/1034 1202/39/1035
f 1203/39/1036 1202/39/1035 1204/39/1037
f 1205/39/1038 1203/39/1036 1204/39/1037
f 1205/39/1038 1204/39/1037 1206/39/1039
f 1207/39/1040 1208/39/1041 1209/39/1042
f 1209/39/1042 1210/39/1043 1207/39/1040
f 1209/39/1042 1208/39/1041 1211/39/1044
f 1210/39/1043 1212/39/1045 1207/39/1040
f 1212/39/1045 1213/39/1046 1207/39/1040
f 1208/39/1041 1207/39/1040 1213/39/1046
f 1214/39/1047 1211/39/1044 1215/39/1048
f 1211/39/1044 1214/39/1047 1216/39/1049
f 1216/39/1049 1209/39/1042 1211/39/1044
f 1217/39/1050 1216/39/1049 1214/39/1047
f 1209/39/1042 1216/39/1049 1218/39/1051
f 1210/39/1043 1209/39/1042 1218/39/1051
f 1216/39/1049 1217/39/1050 1219/39/1052
f 1219/39/1052 1218/39/1051 1216/39/1049
f 1217/39/1050 1220/39/1053 1219/39/1052
f 1221/39/1054 1210/39/1043 1218/39/1051
f 1218/39/1051 1219/39/1052 1221/39/1054
f 1219/39/1052 1220/39/1053 1222/39/1055
f 1222/39/1055 1221/39/1054 1219/39/1052
f 1223/39/1056 1222/39/1055 1220/39/1053
f 1220/39/1053 1224/39/1057 1223/39/1056
f 1221/39/1054 1222/39/1055 1225/39/1058
f 1210/39/1043 1221/39/1054 1226/39/1059
f 1225/39/1058 1226/39/1059 1221/39/1054
f 1226/39/1059 1227/39/1060 1210/39/1043
f 1222/39/1055 1228/39/1061 1225/39/1058
f 1228/39/1061 1222/39/1055 1223/39/1056
f 1226/39/1059 1225/39/1058 1229/39/1062
f 1230/39/1063 1225/39/1058 1228/39/1061
f 1225/39/1058 1230/39/1063 1229/39/1062
f 1229/39/1062 1231/39/1064 1226/39/1059
f 1227/39/1060 1226/39/1059 1231/39/1064
f 1212/39/1045 1210/39/1043 1227/39/1060
f 1231/39/1064 1232/39/1065 1227/39/1060
f 1233/39/1066 1227/39/1060 1232/39/1065
f 1227/39/1060 1233/39/1066 1212/39/1045
f 1232/39/1065 1231/39/1064 1234/39/1067
f 1212/39/1045 1233/39/1066 1235/39/1068
f 1236/39/1069 1212/39/1045 1235/39/1068
f 1212/39/1045 1236/39/1069 1237/39/1070
f 1238/39/1071 1237/39/1070 1236/39/1069
f 1213/39/1046 1212/39/1045 1237/39/1070
f 1239/39/1072 1234/39/1067 1231/39/1064
f 1231/39/1064 1229/39/1062 1239/39/1072
f 1234/39/1067 1239/39/1072 1240/39/1073
f 1239/39/1072 1241/39/1074 1240/39/1073
f 1229/39/1062 1242/39/1075 1239/39/1072
f 1241/39/1074 1239/39/1072 1242/39/1075
f 1242/39/1075 1229/39/1062 1230/39/1063
f 1242/39/1075 1243/39/1076 1241/39/1074
f 1243/39/1076 1242/39/1075 1244/39/1077
f 1230/39/1063 1244/39/1077 1242/39/1075
f 1245/39/1078 1243/39/1076 1244/39/1077
f 1244/39/1077 1230/39/1063 1246/39/1079
f 1244/39/1077 1247/39/1080 1245/39/1078
f 1246/39/1079 1247/39/1080 1244/39/1077
f 1245/39/1078 1247/39/1080 1248/39/1081
f 1228/39/1061 1246/39/1079 1230/39/1063
f 1247/39/1080 1249/39/1082 1248/39/1081
f 1246/39/1079 1228/39/1061 1250/39/1083
f 1223/39/1056 1250/39/1083 1228/39/1061
f 1247/39/1080 1246/39/1079 1251/39/1084
f 1250/39/1083 1223/39/1056 1252/39/1085
f 1252/39/1085 1223/39/1056 1224/39/1057
f 1253/39/1086 1252/39/1085 1224/39/1057
f 1254/39/1087 1246/39/1079 1250/39/1083
f 1254/39/1087 1250/39/1083 1252/39/1085
f 1251/39/1084 1246/39/1079 1254/39/1087
f 1255/39/1088 1252/39/1085 1253/39/1086
f 1252/39/1085 1255/39/1088 1254/39/1087
f 1253/39/1086 1256/39/1089 1255/39/1088
f 1254/39/1087 1257/39/1090 1251/39/1084
f 1257/39/1090 1254/39/1087 1255/39/1088
f 1251/39/1084 1258/39/1091 1247/39/1080
f 1257/39/1090 1258/39/1091 1251/39/1084
f 1259/39/1092 1247/39/1080 1258/39/1091
f 1249/39/1082 1247/39/1080 1259/39/1092
f 1259/39/1092 1238/39/1071 1249/39/1082
f 1238/39/1071 1259/39/1092 1260/39/1093
f 1258/39/1091 1260/39/1093 1259/39/1092
f 1237/39/1070 1238/39/1071 1260/39/1093
f 1260/39/1093 1213/39/1046 1237/39/1070
f 1260/39/1093 1258/39/1091 1261/39/1094
f 1213/39/1046 1260/39/1093 1261/39/1094
f 1257/39/1090 1261/39/1094 1258/39/1091
f 1261/39/1094 1208/39/1041 1213/39/1046
f 1261/39/1094 1257/39/1090 1262/39/1095
f 1208/39/1041 1261/39/1094 1262/39/1095
f 1263/39/1096 1262/39/1095 1257/39/1090
f 1255/39/1088 1263/39/1096 1257/39/1090
f 1264/39/1097 1208/39/1041 1262/39/1095
f 1262/39/1095 1263/39/1096 1264/39/1097
f 1255/39/1088 1265/39/1098 1263/39/1096
f 1265/39/1098 1255/39/1088 1266/39/1099
f 1267/39/1100 1263/39/1096 1265/39/1098
f 1263/39/1096 1267/39/1100 1264/39/1097
f 1208/39/1041 1264/39/1097 1268/39/1101
f 1267/39/1100 1268/39/1101 1264/39/1097
f 1211/39/1044 1208/39/1041 1268/39/1101
f 1268/39/1101 1267/39/1100 1269/39/1102
f 1269/39/1102 1211/39/1044 1268/39/1101
f 1211/39/1044 1269/39/1102 1270/39/1103
